czone,native_wage_change,native_unemploy_rate_change,native_parti_rate_change,employ_share_m_change,card_iv,col_share,manu_share,female_share,x_c.hat,immigration_inflow_ratio
100,0.108793359,0.054729097,-0.00644385,-0.140201442,0.008259803,0.2684186,0.368018296,0.396229983,0.019273976,0.015365998
200,0.18228739,-0.55855302,-0.013599844,-0.226899005,0.00926157,0.216556588,0.372910515,0.402154506,0.01585277,0.064496098
301,-0.0073234,-0.248466597,-0.027438197,-0.294002487,0.008247029,0.197026581,0.217964039,0.359948707,-0.039147579,0.005880573
302,0.148543702,0.132432474,-0.001779691,-0.158081596,0.008880852,0.347732632,0.22967091,0.417018523,0.076005307,0.042616594
401,0.168406154,0.300217524,-0.011557995,-0.246716888,0.011972721,0.307538137,0.370560071,0.449838548,0.111521133,0.104737233
402,0.164558697,0.166533838,-0.072141277,-0.471022564,0.007591607,0.21461065,0.468557667,0.428953706,0.037619373,0.029502838
500,0.225523854,0.446078799,-0.01514924,-0.237119976,0.009135719,0.29905305,0.422614805,0.454536198,0.101302885,0.094768838
601,0.274068724,0.091454998,0.008031915,-0.411626571,0.012016673,0.245454545,0.390909091,0.432386364,0.071697351,0.055670603
602,0.150914383,-0.020764866,-0.004900112,-0.320902825,0.012905899,0.236932712,0.392260915,0.422163707,0.060111603,0.021236809
700,0.211952536,0.472400796,-0.018091452,-0.242955459,0.008799142,0.270656644,0.463600756,0.431826954,0.06196919,0.071324296
800,0.211857913,0.560871861,-0.027681825,-0.31645904,0.010437437,0.234188755,0.497066333,0.446726725,0.075277609,0.055379966
900,0.309761859,0.590184788,-0.011573148,-0.204139184,0.009335057,0.345533025,0.33064208,0.444794085,0.107166242,0.190367261
1001,0.178578276,0.042705715,-0.022079284,-0.359736919,0.010349317,0.254691647,0.381883405,0.424676189,0.058459136,0.03219599
1002,0.214059794,0.472257553,-0.026518788,-0.233077253,0.008799184,0.223675137,0.502425222,0.443270373,0.061247647,0.040857707
1100,0.262859995,0.586469831,-0.038911282,-0.203177167,0.011400023,0.235066952,0.509597732,0.448988181,0.081619196,0.099599669
1201,0.240416386,-0.321324949,0.010024229,-0.325412085,0.006624666,0.247210182,0.366138344,0.419825438,0.036151924,0.068404436
1202,0.233534056,-0.43677272,0.043076528,-0.476461211,0.003661119,0.265532252,0.336367234,0.41195093,0.021005388,0.046339807
1203,0.196866593,-0.032284827,-0.011065971,-0.287039379,0.006600429,0.314303008,0.310533181,0.427889988,0.067384478,0.08174057
1204,0.243412227,-0.317164009,0.005057226,-0.328455231,0.006732417,0.245720276,0.368559259,0.420465774,0.036850975,0.073293658
1301,0.236371199,0.427169337,-0.009014367,-0.252320829,0.008905874,0.218384697,0.429596174,0.455632306,0.078784723,0.030576729
1302,0.241378711,0.294601856,0.00129233,-0.26775727,0.003923389,0.272264046,0.30255601,0.446450528,0.068272459,0.061678826
1400,0.287979578,0.302011929,-0.008905269,-0.330539781,0.008246949,0.283052242,0.286695421,0.424278615,0.061775483,0.058674943
1500,0.239797775,0.227515663,-0.023426546,-0.369995321,0.008157823,0.298549758,0.268640112,0.424236598,0.066524526,0.067547228
1600,0.20393185,-0.010435117,-0.025685669,-0.361659381,0.007936308,0.245259705,0.310605872,0.445080792,0.074673375,0.064196038
1701,0.354121308,0.426752647,-0.001384694,-0.216899276,0.008669526,0.424676571,0.226875806,0.459021012,0.149018001,0.272381062
1702,0.210601979,0.076641543,-0.079303756,-0.55250856,0.005166813,0.214333557,0.368720697,0.446416611,0.053981441,0.085800775
1800,0.212181045,0.087033947,-0.024430382,-0.514433343,0.011320292,0.25546625,0.281586724,0.436765151,0.082042202,0.122498572
1900,0.256672283,0.261956139,0.007757283,-0.308702992,0.011137464,0.288088672,0.195419774,0.396792773,0.044708355,0.067376983
2000,0.255933296,-0.040141219,0.006667716,-0.159654659,0.012594139,0.361390339,0.137670996,0.410588222,0.090812676,0.07402763
2100,0.223965501,0.244174375,-0.014782889,-0.363141523,0.0079137,0.308997027,0.257118928,0.423203469,0.067714113,0.029602696
2200,0.253564599,0.308478081,-0.013497849,-0.452222256,0.003877174,0.202449539,0.326879347,0.420949462,0.015750543,0.029541219
2300,0.161000507,0.021041984,-0.020213332,-0.350190289,0.00871064,0.29708444,0.389682607,0.440682807,0.083328119,0.030357801
2400,0.26936809,0.449998272,-0.004545544,-0.21854298,0.009076331,0.387442267,0.201346529,0.44718024,0.126635061,0.097946842
2500,0.236111263,0.084497308,0.012677836,-0.132649523,0.006634129,0.359942698,0.203472169,0.417211541,0.071861633,0.058327056
2600,0.18661096,0.252585277,-0.005154514,-0.404667357,0.005150527,0.257785425,0.322730055,0.438838565,0.058764603,0.014081095
2700,0.202575578,0.190053198,4.49E-04,-0.191714854,0.007513464,0.350045542,0.208562326,0.390853438,0.039657104,0.036280606
2800,0.167223936,-0.2459073,-0.042713795,-0.325172042,0.005250592,0.283324679,0.261318046,0.40060859,0.021629807,0.033139274
2900,0.254243746,-0.05152475,0.022637866,-0.190221121,0.007067989,0.33968121,0.199298007,0.404109214,0.051832368,0.039786655
3001,0.274817341,0.209779958,0.017130708,-0.160276963,0.00778578,0.272532189,0.278540773,0.443776824,0.081542368,0.009985688
3002,0.128805237,0.331270081,-0.051839284,-0.382895015,0.012926292,0.357671156,0.213076576,0.436672952,0.120102512,0.004984553
3003,0.280809485,0.278760578,0.005450601,-0.216548476,0.009927684,0.427838602,0.1825979,0.453665323,0.150266111,0.017777366
3101,0.071576142,0.014527523,-0.068425502,-0.726161276,0.004972559,0.32110067,0.230367747,0.406162147,0.039399235,0.002643188
3102,0.205611021,0.030069838,-0.004932991,-0.323268663,0.005083027,0.304690062,0.250573959,0.40472286,0.032544596,0.007335302
3201,0.129403765,-0.134495913,-0.002398062,-0.412634506,-9.99E-04,0.220128023,0.135135135,0.326813656,-0.107047253,-0.007323221
3202,0.130378098,0.040044012,-0.002145288,-0.39228062,0.006064409,0.2720124,0.211371943,0.380269414,-0.001305303,-1.49E-05
3203,0.152910685,0.400950501,-0.011790326,-0.269611252,0.013097612,0.329391399,0.222888365,0.417920836,0.089135732,0.00445848
3300,0.129889078,0.358240262,-0.018911492,-0.313360758,0.02235236,0.376871398,0.131196571,0.398368489,0.119291503,0.027955661
3400,0.048501957,0.234393714,-0.024763157,-0.324875196,0.01527014,0.238405716,0.157637977,0.332327014,-0.031041977,0.018398792
3500,0.100747819,0.088311557,0.00804905,-0.124970059,0.013147497,0.382840798,0.170159624,0.393025848,0.075798729,0.035197915
3600,0.151312133,0.169675729,0.018963565,-0.092894068,0.005535517,0.277423735,0.100542195,0.387127797,0.011562357,0.014229604
3700,0.081655607,0.30512853,-0.005257249,-0.300415607,0.008939916,0.297302751,0.181939152,0.354424677,-0.013471682,0.025141071
3800,0.111261108,0.365874942,0.010409635,-0.248603964,0.014544428,0.294481369,0.107302308,0.369208759,0.029823644,0.023238507
3901,0.092728195,0.279236742,0.002939892,-0.259682891,0.004988108,0.312305219,0.176704614,0.40431721,0.037099292,0.010669266
3902,0.12196692,0.147418441,-0.001134708,-0.294476973,0.003097374,0.220440134,0.188735546,0.382693025,-0.02362627,-8.60E-04
4001,0.177377572,-0.02001738,-0.01052303,-0.179183062,0.005541747,0.267644188,0.317833687,0.403183352,0.01906252,0.017675123
4002,0.123211723,0.236296308,-0.005639751,-0.196327478,0.006307282,0.3314755,0.185710164,0.427398444,0.075999404,0.017134155
4003,0.163222761,0.016644254,0.022720973,-0.168148717,0.006983198,0.260495101,0.189108737,0.374938855,-0.006487299,0.002755012
4004,0.148606059,-0.013158939,0.009491697,-0.116223194,0.006690306,0.29435337,0.212386157,0.392349727,0.02241697,0.005809268
4101,0.209872902,0.278310726,-0.04288374,-0.464058012,-0.003127989,0.222121074,0.314974966,0.391442877,-0.04282012,0.02974668
4102,0.148931076,0.42425724,-5.59E-04,-0.25199808,0.005820509,0.25960333,0.267874226,0.387496845,6.82E-04,0.017550522
4103,0.202219881,0.087279892,-0.019822415,-0.222808428,0.00198401,0.281354316,0.327610873,0.406771578,0.012705972,0.01374483
4200,0.217064493,0.342415599,-0.011910606,-0.213007997,0.010944376,0.367172082,0.19476093,0.436134803,0.114997234,0.053429117
4301,0.20040644,0.246922551,0.003838323,-0.321787168,0.010709608,0.24995922,0.283455196,0.402123428,0.034976603,0.00980162
4302,0.224863859,-0.17170476,0.026508581,-0.377502751,-0.001993242,0.220731707,0.261280488,0.40945122,-0.013924846,0.01370529
4401,0.070313451,-0.10699656,2.37E-04,-0.192938804,0.004700632,0.20678528,0.158558649,0.357120041,-0.051442066,0.002459218
4402,0.267297876,-0.025478103,-0.02201884,-0.161558733,0.006763822,0.239463034,0.243902294,0.390437545,0.003519191,0.021194706
4501,0.076016221,-0.135866432,-0.006475151,-0.122652343,0.001751448,0.223953122,0.114974133,0.335335978,-0.083501726,0.005266173
4502,-0.036476295,-0.224937892,-0.025474769,-0.12869131,-0.007634246,0.228415402,0.07029969,0.32213124,-0.134162418,0.002561505
4601,0.155393611,-0.428800845,-0.017444028,-0.288411693,0.003966063,0.164017585,0.324653365,0.404125803,-0.015464858,0.016116447
4602,0.157782726,-0.2992393,0.003588176,-0.232604841,0.005093589,0.162912948,0.31956104,0.399386696,-0.016921949,0.015947988
4701,0.151684381,0.075878012,-3.86E-04,-0.196714832,0.007787193,0.272532189,0.278540773,0.443776824,0.081548018,0.007998204
4702,0.237443376,0.346508644,0.016888944,-0.244022963,0.007232759,0.250811095,0.282766175,0.416938471,0.039734822,0.012596597
4800,0.235906506,0.44957957,0.002745384,-0.223084858,0.008913042,0.337171644,0.195034185,0.447283195,0.112278403,0.003829865
4901,0.26003452,0.141604559,8.35E-04,-0.13037739,0.006347975,0.213536307,0.371922638,0.429487868,0.037325696,0.035823726
4902,0.224875478,0.184663791,0.003364314,-0.121507317,0.006685564,0.190892189,0.360056813,0.418086996,0.018697944,0.01369584
4903,0.104523204,0.199174681,-0.030328545,-0.252282232,0.006620538,0.214524992,0.368876301,0.42679639,0.035488482,0.00952908
5000,0.314465271,0.408978723,0.028089599,-0.084943116,0.011532368,0.261396912,0.396683199,0.44312808,0.087311068,0.022463911
5100,0.141880817,0.052492985,-0.034094467,-0.203586179,0.002413537,0.219299126,0.384813626,0.430241403,0.023574714,0.014698071
5201,0.295709724,0.248380099,0.001233586,-0.258123401,0.009623394,0.241747029,0.398195323,0.436133486,0.065414263,0.040383423
5202,0.241000726,0.189063384,-0.00421272,-0.159172328,0.009249197,0.36329088,0.195459305,0.43533863,0.106111575,0.075283178
5300,0.21148369,0.174459554,-0.001152855,-0.298005525,0.006123065,0.23499139,0.250883736,0.400820533,0.012277017,9.86E-04
5401,0.253885501,-0.149270158,-0.008487751,-0.101172293,0.007510623,0.298169142,0.310191976,0.435824821,0.076356807,0.067576575
5402,0.23604469,-0.105820279,0.010405755,-0.138418731,0.005624555,0.154900185,0.30866648,0.404692004,-0.009977767,0.022864993
5500,0.17683109,0.212240738,-0.016330006,-0.272177589,0.004642976,0.180097087,0.431796117,0.414805825,2.25E-04,0.064487104
5600,0.229123487,0.21571063,-0.006186236,-0.160926702,0.00983619,0.348867756,0.228585324,0.4376378,0.105782674,0.131663009
5700,0.256924835,0.003217079,0.016121546,-0.091688698,0.004164277,0.216113744,0.338862559,0.402843602,-0.002272393,0.049068954
5800,0.152847283,0.130080117,-0.029886126,-0.21387712,0.006024091,0.248130728,0.338702674,0.406269835,0.018410806,0.02303567
5900,0.191264112,-0.03540252,0.021387863,0.025658674,0.008710729,0.275082983,0.223697545,0.377769383,0.006482293,0.053664322
6000,0.237959165,-0.117380232,0.015460558,-0.130074218,0.00928601,0.339644973,0.291305885,0.407063933,0.060246296,0.071014126
6100,0.08703874,-0.047507232,-0.012108563,-0.162557516,0.005697455,0.256811704,0.370782644,0.379866569,-0.014660489,0.043204932
6200,0.082061112,-0.076800146,-0.01500558,-0.211333063,0.005797037,0.232686142,0.368968099,0.391492011,-0.006526036,0.011650975
6301,0.138404696,0.163468485,-0.019596635,-0.247730944,0.00558941,0.212485514,0.397445601,0.42839419,0.031500779,0.026249786
6302,0.13598391,0.063492145,-0.01887327,-0.241688105,0.005651929,0.196863892,0.392471887,0.42691377,0.025749666,0.032082725
6401,0.157764926,0.106699868,-0.017493685,-0.195661028,0.005568196,0.321862934,0.296066446,0.417572938,0.053221937,0.044846366
6402,0.125388672,-0.026490961,-0.021558754,-0.175157474,0.007584318,0.178108027,0.382760388,0.415470435,0.014439995,0.034400626
6501,0.061657436,0.11987368,-0.039864872,-0.516759005,0.009797276,0.20625,0.447395833,0.421354167,0.035602763,0.097392941
6502,0.132955048,0.065226209,-0.019656555,-0.136353337,0.009012531,0.218126328,0.381671568,0.406522963,0.020328384,0.052410685
6600,0.213175674,0.269629255,-0.009207002,-0.314982518,0.008143038,0.20543838,0.437163306,0.431726639,0.042092526,0.164285802
6700,0.335089362,0.215541702,0.022783866,-0.224802376,0.014627432,0.370759169,0.137021483,0.437651503,0.135189264,0.267170561
6800,0.261817801,0.219627555,0.015923258,-0.303511862,0.021089842,0.28688001,0.146655953,0.405369624,0.096977836,0.307688066
6900,0.325458129,0.245312797,0.039569547,-0.183574073,0.011350335,0.341904312,0.107636639,0.44403677,0.123225132,0.296416468
7000,0.265756776,0.406173241,0.006984954,-0.443253729,0.027231876,0.406463367,0.131902926,0.442883928,0.202323635,0.59472277
7100,0.328455208,0.497409553,0.019711679,-0.26301323,0.018125471,0.377472808,0.124259041,0.427859704,0.139475134,0.60879134
7200,0.432371525,0.229293865,0.047110732,-0.13800803,0.013130281,0.30159034,0.070041177,0.432739458,0.10668032,0.813664403
7300,0.269325444,0.215346316,0.016388747,-0.124189971,0.012149881,0.408498451,0.196990291,0.411445698,0.100676998,0.17916848
7400,0.341269422,0.472290738,0.01983442,-0.246859375,0.013844433,0.371017418,0.126884466,0.430516938,0.12372956,0.655842331
7500,0.34134742,0.072546492,0.037769624,-0.137906984,0.007386666,0.361228131,0.122169544,0.432408052,0.097723312,0.216696607
7600,0.274442992,0.223535701,0.010142013,-0.148994431,0.011129487,0.355613826,0.11878663,0.417905069,0.093260471,0.156271542
7700,0.248218369,0.142391022,0.020087514,-0.297501326,0.008807989,0.262495081,0.205824479,0.402203857,0.034461632,0.067284262
7800,0.325051894,0.161891517,0.048212474,0.109442413,0.012563321,0.272440589,0.118991677,0.415729287,0.072931644,0.220056799
7900,0.288638408,0.151836573,0.027984074,-0.213381881,0.014454225,0.494269411,0.093904046,0.445508063,0.18084971,0.13365648
8000,0.259857709,0.284816087,0.022265945,-0.158294826,0.010740434,0.260534125,0.336498516,0.420474777,0.058475747,0.033585501
8100,0.241142469,0.320505884,-0.003714829,-0.178815384,0.008645802,0.401280951,0.227499198,0.444681874,0.124530246,0.05357982
8201,0.188466883,0.374286274,-0.01670459,-0.246607333,0.004985197,0.291953689,0.304779121,0.434850996,0.063549289,0.001964948
8202,0.20641024,-0.019721446,0.004809263,-0.20168398,0.009823854,0.363476423,0.179571514,0.410530528,0.078380616,0.053819197
8300,0.209657228,0.600167417,-0.01450774,-0.226425221,0.006206842,0.284918233,0.419683512,0.433801066,0.060022023,0.087338303
8401,0.268162894,0.399569281,-0.014210394,-0.225303398,0.009183199,0.296018498,0.292931425,0.433397945,0.080198244,0.035880614
8402,0.197135417,0.442780622,-0.09218192,-0.551293603,0.00703768,0.212864842,0.358278342,0.426945841,0.03734884,0.007234486
8501,0.179974243,0.310428423,-0.036901543,-0.449622056,0.009806215,0.245683555,0.257854515,0.417209171,0.05003164,0.07700813
8502,0.173346844,0.015143774,-0.046529951,-0.432988013,0.011739952,0.246038039,0.284585585,0.424494422,0.065709361,0.027905833
8503,0.231546629,0.294366831,-0.001855706,-0.332625762,0.010389617,0.24026601,0.263695359,0.41967537,0.053642823,0.078359305
8601,0.29228913,-0.110865746,0.001149379,-0.382636148,0.005638295,0.203694931,0.268593084,0.405968735,0.007151039,0.040171742
8602,0.250325226,-0.135442872,0.03978542,-0.258835028,0.008179188,0.257460296,0.218102529,0.386246138,0.010180419,0.056366991
8701,0.283727346,0.336197959,0.018756283,-0.285703105,0.008044817,0.253274047,0.241754794,0.400023156,0.024510463,0.090943917
8702,0.239870997,0.438018918,-0.013679089,-0.366276981,0.007501056,0.236644946,0.299334265,0.41944138,0.03919653,0.063801251
8800,0.222990295,-0.113976733,-0.003931488,-0.347004086,0.007736163,0.333924268,0.171775006,0.420214339,0.074105081,0.114637991
8900,0.206252743,0.46041966,-0.01548447,-0.201669912,0.007456289,0.2943268,0.199599027,0.425154621,0.066757803,0.036416489
9001,0.215508782,0.012555394,-0.059682227,-0.485550202,0.010637559,0.230914974,0.295841986,0.426173493,0.058637714,0.048595726
9002,0.291683458,7.51E-04,-0.010538496,-0.248092171,0.013556918,0.218537859,0.322976501,0.437597911,0.079800328,0.019377463
9003,0.258137379,0.065480576,-0.016250902,-0.250316303,0.013646672,0.218537859,0.322976501,0.437597911,0.080159128,0.024459758
9100,0.302392612,0.370202892,-0.001121124,-0.232101009,0.011765815,0.423315311,0.190117638,0.443820214,0.143789383,0.386381331
9200,0.221355544,0.451040498,0.003343098,-0.338545418,0.010386118,0.234531392,0.33166515,0.420382166,0.049859942,0.056957185
9301,0.257535695,0.204048025,0.01606963,-0.343423693,0.010969406,0.370010627,0.28494444,0.443516082,0.121026965,0.14445985
9302,0.275780835,-0.001877618,-0.004992098,-0.351183725,0.009635985,0.207075394,0.416181335,0.433467012,0.051617588,0.03222116
9400,0.283306395,0.279133411,0.009592356,-0.423126121,0.007688385,0.264721476,0.349256574,0.428740435,0.057139321,0.304166853
9500,0.167248764,0.27947403,-0.027353175,-0.294047468,0.00395737,0.203648803,0.483466363,0.433523375,0.025019149,0.019679677
9600,0.274489692,0.211564039,0.005945264,-0.146450699,0.008731684,0.247462527,0.369709352,0.422503878,0.047810566,0.070718083
9701,0.236904669,0.135323578,7.13E-06,-0.211469924,0.007649586,0.328780434,0.237683371,0.424858082,0.075134284,0.015904783
9702,0.24081733,0.123862625,0.02795493,-0.202940888,0.01148807,0.253595761,0.274034822,0.420893263,0.062826081,0.027956513
9800,0.233645458,-0.022801496,0.007575557,-0.173776185,0.010500745,0.325147815,0.283669928,0.433599569,0.094307355,0.071092764
9900,0.308444401,0.128604845,0.021229028,-0.227114019,0.012373157,0.429837412,0.085827415,0.451234826,0.161909344,0.080039034
10000,0.268111167,0.202344928,0.047326784,-0.210431188,0.008188555,0.308363723,0.124357596,0.405582839,0.052695889,0.094767593
10101,0.280700438,0.134436721,-0.052689387,-0.582498844,-0.005075458,0.215059309,0.290871583,0.431150077,-0.002229636,0.026731554
10102,0.287877132,0.138800168,-0.044132952,-0.550194018,-0.005075593,0.215059309,0.290871583,0.431150077,-0.002230178,0.029713401
10200,0.197603071,0.335004583,-0.017554151,-0.410332534,0.005529312,0.292709956,0.244712865,0.432445085,0.065633798,0.031202514
10301,0.179735007,0.242196718,-0.022982948,-0.334617978,0.008395878,0.257630111,0.270616922,0.41949927,0.050019934,0.039433925
10302,0.245119047,0.011622924,0.0260137,-0.164366476,0.007914202,0.2910492,0.253902391,0.410195614,0.046676499,0.020922988
10400,0.232513402,0.22912497,8.66E-04,-0.322434102,0.009689106,0.303808021,0.265008255,0.429394556,0.080686169,0.012941315
10501,0.198555719,0.132582732,-0.018520281,-0.200130191,0.007806015,0.299018905,0.329923145,0.415438893,0.051593371,0.008968744
10502,0.13716356,0.15273895,2.75E-04,-0.144960094,0.009708142,0.335214072,0.315300365,0.422502489,0.078779221,0.022278717
10600,0.075880731,-0.248438023,-0.010460976,-0.18936451,0.0083145,0.210069013,0.304121276,0.366117959,-0.031407839,0.036335683
10700,0.156981185,0.00544912,0.002363369,-0.123770767,0.008520133,0.371299011,0.21313158,0.412742752,0.076611647,0.044557008
10801,0.223352735,-0.153401208,-0.035805388,-0.292980718,0.011030306,0.321450808,0.248775359,0.419274427,0.079165763,0.024417627
10802,0.176303434,-0.143705841,-0.0195922,-0.237177749,0.002218523,0.236882925,0.367870931,0.405404645,-0.002336911,0.012858372
10900,0.249607196,0.166551488,0.018694587,-0.166952623,0.009599675,0.373709158,0.11194917,0.397899867,0.06770165,0.069123702
11001,0.104000677,0.016072366,-0.007058694,-0.220725626,0.01055629,0.31703089,0.225956823,0.39455798,0.046372968,0.034100571
11002,0.122795884,-0.628066915,-0.096412817,-0.427087136,0.004817052,0.271090119,0.301112415,0.396348677,0.009397154,0.001701169
11101,0.231674378,0.216347621,0.010921479,-0.084491378,0.00630736,0.377253652,0.166285753,0.438192914,0.103117033,0.024103388
11102,0.209415943,0.015660692,-0.013679151,-0.2431397,0.007500709,0.285457027,0.251262328,0.430958933,0.069341322,0.023460847
11201,-0.030479687,-0.055728744,-0.010192521,-0.320533857,0.00890167,0.24462003,0.158816791,0.349880719,-0.033022199,0.008263524
11202,-0.283831505,-0.392229394,-0.113082597,-0.152340501,-0.002777,0.23203125,0.05078125,0.312109375,-0.125296456,-2.06E-04
11203,-0.035758628,-0.094976209,-0.047145383,-0.516744029,-0.012181384,0.203622393,0.166300768,0.324368825,-0.160811881,0.004348302
11301,0.453397855,0.171436957,0.082614877,-0.099554721,0.006550077,0.307255776,0.120794487,0.410214836,0.051742891,0.232750206
11302,0.285537741,0.141029785,-0.004915608,-0.251336545,0.010437554,0.363992989,0.186503631,0.428094483,0.102468408,0.094244294
11303,0.200624365,-0.116652334,0.026885572,-0.41100385,0.004297324,0.236227045,0.214106845,0.415692821,0.025426496,0.057856875
11304,0.355407655,0.357900939,1.26E-04,-0.234149358,0.014998382,0.526117402,0.062713639,0.452343568,0.201843408,0.325073388
11401,0.121094133,-0.276539695,0.001375526,-0.103568071,0.006831861,0.347321917,0.159461582,0.363230513,0.004077381,-0.001892716
11402,0.180004833,-0.230480551,0.011972393,-0.027256894,0.007610833,0.296952566,0.266292047,0.39403123,0.026505671,0.010474887
11403,0.271856618,-0.310065496,0.040581455,-0.100632673,6.04E-04,0.306878307,0.167724868,0.361375661,-0.034844458,0.002262166
11500,0.086372619,-0.109476533,-0.021595435,-0.10213475,0.009435542,0.317592113,0.358069537,0.394049472,0.035517839,0.019885914
11600,0.061542932,-0.072646918,-0.007755011,-0.092756869,0.007615337,0.374510429,0.341962136,0.40691769,0.060911951,0.050657008
11700,0.175529837,0.213979484,-0.003839608,-0.182659761,0.012339118,0.455686854,0.214496729,0.435956953,0.144321359,0.036525295
11800,0.00617605,-0.034469423,0.026231208,-0.224376733,0.005808628,0.383943795,0.258169596,0.396250308,0.046841206,0.007840817
11900,0.002822333,-0.361397528,-0.001830549,-0.095048338,0.010988766,0.296586756,0.325534545,0.395588688,0.039193339,0.00673536
12001,0.159309895,-0.19366602,0.021038677,-0.06049005,0.00929844,0.322198468,0.263828191,0.396352832,0.04333138,0.015577707
12002,0.173738699,-0.237739802,0.021301195,-0.083942906,0.008219103,0.324970184,0.25517039,0.39757705,0.041700928,0.01165781
12100,0.112442626,0.085734182,-0.007196673,-0.115704861,0.00902303,0.382546597,0.329310358,0.424306624,0.090942522,0.032419563
12200,0.122454781,0.066743103,-0.001830754,-0.094895347,0.009033633,0.336465962,0.346824589,0.409217691,0.058538023,0.069265779
12301,0.214369309,-0.355942719,0.015008566,-0.027397335,0.0034937,0.33745541,0.216171225,0.403091558,0.034902139,0.013585197
12302,0.151583635,-0.237529819,0.002882136,-0.056414425,0.003813452,0.317590126,0.210811305,0.397138985,0.023454662,0.006888142
12401,0.10090253,-0.198815955,-6.96E-04,-0.097054301,0.005066206,0.266809222,0.207896591,0.380991515,-0.005705073,-0.004001794
12402,0.123864069,-0.200771039,0.009390151,-0.057178343,0.005216711,0.264681815,0.21150153,0.37999331,-0.007100614,4.84E-04
12501,0.111930875,-0.057973647,-0.00510178,-0.079905571,0.008373422,0.323386179,0.313871048,0.411530631,0.056569204,0.017204028
12502,0.117900883,-0.165579423,-0.029021211,-0.211331514,0.006229723,0.209513964,0.316212046,0.373330309,-0.031486424,0.011040445
12600,0.153219556,-0.344551016,-0.007273956,-0.138572434,0.008064194,0.203649397,0.39850114,0.396220267,-0.001065831,0.00875843
12701,0.164113305,0.120523597,-4.98E-04,-0.104202229,0.007977779,0.341551582,0.297184707,0.411408897,0.060681844,0.041552267
12702,0.234145147,-0.188442318,-0.019233657,-0.165442926,0.003202391,0.216563541,0.25368872,0.386006663,-0.023083529,0.008157474
12800,0.156830635,-0.142056704,-0.005378094,-0.130156875,0.008047076,0.20814024,0.377835824,0.395621054,3.06E-04,0.007387954
12901,0.18507257,0.261392578,0.005416554,-0.093275317,0.011424208,0.378095185,0.206571129,0.431297678,0.113451082,0.074939622
12902,0.241150254,-0.175066666,-0.011070191,-0.129576021,0.003202188,0.216563541,0.25368872,0.386006663,-0.023084343,0.009866688
12903,0.223996236,0.080955067,-0.031529501,-0.161956767,0.007077181,0.261788268,0.25595656,0.407351899,0.031494155,0.022681965
13000,0.268775351,0.011540831,0.02568804,-0.05648614,0.00913571,0.241581816,0.205439044,0.351420852,-0.033110629,0.018253902
13101,0.160716108,-0.007852042,-0.005682008,-0.145392261,0.010401968,0.314997948,0.270299472,0.419049596,0.073601765,0.046198953
13102,0.220246347,-0.091226833,0.018272038,-0.138509545,0.007591987,0.211916349,0.331953029,0.390823225,-0.004358365,0.022800205
13103,0.296185414,0.010876713,-0.004503508,-0.020405314,-3.20E-04,0.181723238,0.322193211,0.380678851,-0.05661893,0.014578996
13200,0.107721526,-0.037755772,-0.010340446,-0.087267423,0.007403001,0.236261878,0.24721482,0.386432391,5.68E-05,0.0183604
13300,0.094088528,-0.160188633,-0.006965016,-0.061457039,0.008277719,0.241852186,0.379843436,0.394379324,0.009061878,0.010670982
13400,0.113117949,-0.144827798,-0.013619898,-0.078275035,0.011234578,0.231503293,0.391367403,0.403313164,0.028550009,0.002934227
13501,0.083179763,-0.161671254,-0.010220074,-0.08039574,0.012188427,0.334075883,0.306656585,0.4051969,0.067282551,0.011653525
13502,0.116624546,-0.114701138,0.002880214,-0.038865915,0.01982781,0.22124927,0.41476941,0.384121424,0.035158795,0.00112944
13600,0.128688119,-0.109141345,-0.001913233,-0.091734677,0.010948345,0.294835367,0.348239293,0.410789921,0.056392506,0.035174128
13700,0.171810556,-0.264437899,0.011675591,-0.109167028,0.010517317,0.244546717,0.43499817,0.415638928,0.042693578,0.099223046
13800,0.204903995,-0.048415933,-0.007328693,-0.108061034,0.008970429,0.224303987,0.376944554,0.402740948,0.017411667,0.053562172
13900,0.07456799,-0.295562837,-0.032695811,-0.148648037,0.009525253,0.239897735,0.420949495,0.411712793,0.033177184,0.01788991
14000,0.04084399,-0.272415181,-0.01026326,-0.096596421,0.010959226,0.247834341,0.398317034,0.41090832,0.041150372,0.008796463
14100,0.124440922,-0.09927826,0.005048931,-0.077823217,0.011267674,0.300045742,0.342191915,0.415859333,0.065693793,0.034312535
14200,0.184865283,0.218222822,-0.001067695,-0.118592609,0.008654455,0.331791791,0.264270848,0.430793261,0.086175484,0.080922076
14300,0.107036702,-0.064919047,9.22E-06,-0.100133675,0.012193361,0.236188082,0.391031217,0.400933493,0.030759658,0.050327837
14400,0.164360744,0.020341032,-0.002414249,-0.062483326,0.008546395,0.284654081,0.284639318,0.400156377,0.033575378,0.013264869
14500,0.177086614,0.382815183,8.84E-04,-0.114679134,0.012796266,0.317014045,0.283870304,0.406535984,0.067602087,0.060997201
14600,0.17584875,0.011815908,-0.008815843,-0.078265835,0.010368302,0.343488768,0.230608154,0.417182578,0.080921811,0.032742633
14700,0.237718258,-0.055104393,-0.001099733,-0.05127012,0.007860708,0.273679106,0.289630214,0.403684639,0.031909097,0.014824555
14801,0.073272103,-0.17104908,-0.018338563,-0.093692517,0.005149074,0.278808038,0.211386325,0.397624344,0.018482464,0.002477859
14802,0.099741772,-0.112330868,-0.001551443,-0.105257741,0.006550344,0.235158097,0.23945832,0.389069001,-4.29E-05,0.001723142
14900,0.007312367,-0.015542017,-0.035376378,-0.201223844,0.014931136,0.284646683,0.385931691,0.385905817,0.03688565,0.016010478
15000,0.038785628,-0.020231117,-4.49E-05,-0.069814324,0.006430213,0.249486359,0.36068975,0.390377516,-2.92E-04,0.0079025
15100,0.102324647,-0.152671809,-0.017070255,-0.122915858,0.00474715,0.273589042,0.39387605,0.383785735,-0.009916508,0.008525326
15200,0.084032941,0.100641937,-0.001573789,-0.089900114,0.006842665,0.354336137,0.321263615,0.41212257,0.0595436,0.01618122
15300,0.04935285,0.044416502,-0.032602951,-0.198922705,0.007845256,0.269009519,0.29293789,0.36312222,-0.019954505,0.004381265
15400,0.066332063,0.004930758,-0.009156554,-0.129015143,0.009053769,0.22915974,0.299832904,0.381532406,-0.003769926,-2.20E-04
15500,-0.078625204,0.080528377,-0.034397935,-0.312883089,0.004615032,0.238496802,0.330202567,0.351219209,-0.057871893,-0.003708689
15600,-0.013942965,0.177807573,-0.018621057,-0.20169691,0.006311198,0.256454702,0.293365585,0.363894721,-0.028672199,-0.00258079
15700,0.0485378,0.108307937,0.002224581,-0.183866723,0.006895868,0.226626706,0.275707194,0.364614333,-0.03302732,0.004804887
15800,0.061130582,-0.005560796,-0.00343539,-0.151193966,0.00983442,0.248912771,0.2251044,0.359347557,-0.019299658,0.018082268
15900,0.222694646,0.241377049,0.006101484,-0.089233362,0.008762988,0.376077536,0.217074508,0.426672014,0.096035916,0.081000064
16000,0.104988684,-0.046591536,-0.018972079,-0.107235777,0.005983807,0.23888962,0.378283939,0.393860511,-0.001514273,-3.67E-04
16100,0.090114099,-0.046651224,0.012168019,-0.090183309,0.007852186,0.31024387,0.226975213,0.395729545,0.035066124,0.033561727
16200,-0.007733985,-0.350513031,-0.012637115,-0.069984502,0.00782235,0.216806189,0.237550039,0.378039529,-0.013713974,0.00570254
16300,0.047096222,-0.025183073,-0.005974016,-0.081089432,0.006290188,0.328598298,0.265669503,0.385024631,0.018960377,0.010306661
16400,-0.004859639,-0.295343546,-0.011512976,-0.071378545,0.004146028,0.270918833,0.377735978,0.376595987,-0.021271656,-0.007791909
16500,0.057016713,0.016595948,-0.00907639,-0.088854212,0.005214064,0.280848892,0.353704784,0.394982497,0.009679235,0.008948835
16600,0.193950865,0.220785702,-0.012378466,-0.183321049,0.008581896,0.349795983,0.264620258,0.424724282,0.083392177,0.043817634
16701,0.051340859,-0.341554351,-0.011136274,-0.324588408,0.002657396,0.234008104,0.152525088,0.353418223,-0.056292131,0.00145712
16702,0.061112314,0.019739035,-0.00836729,-0.278604386,0.007513809,0.327572184,0.159414396,0.379829199,0.021861907,0.009300885
16703,0.060779906,-0.278929038,-0.025292688,-0.30970426,0.001046151,0.238095238,0.156390977,0.35839599,-0.055580424,0.001729865
16801,-0.062477678,-0.362661927,-0.028634793,-0.2986767,0.007330167,0.225940754,0.097947268,0.323338139,-0.074772456,8.24E-04
16802,0.001120213,-0.509137563,-0.00917209,-0.306909706,0.005274291,0.220619881,0.139861596,0.337112558,-0.06926134,7.69E-04
16901,0.032194769,0.010297106,-0.017211894,-0.382767813,0.010565851,0.309238172,0.164094196,0.359724667,0.003754131,0.005076823
16902,0.030244134,0.052352137,-0.049699939,-0.285260136,0.009358395,0.278857479,0.293286219,0.369257951,-0.003541073,0.005421333
17000,-0.090136506,0.094509579,-0.01776177,-0.355985181,0.005806507,0.217702561,0.072928473,0.307841386,-0.101292219,0.008338825
17100,-0.003322037,-0.072940908,-0.013899905,-0.163540254,0.00832608,0.27716193,0.235375439,0.358600272,-0.018784628,0.003276478
17200,0.304024747,-0.121219599,0.006375503,-0.236270734,0.010157952,0.259917498,0.293854179,0.41627504,0.052666547,0.097835627
17300,0.191768972,-0.055181633,-0.057764562,-0.288160356,0.009089263,0.281817455,0.295624464,0.417916714,0.056501287,0.011055167
17400,0.227784389,-0.009815028,0.008715732,-0.092895359,0.008325697,0.224977367,0.292911418,0.38750709,-1.30E-04,0.052009929
17501,0.187321803,-0.034397556,-0.01329334,-0.176026633,0.011815869,0.262407453,0.225955275,0.389193204,0.029414271,0.01334835
17502,0.385757913,-0.225521732,0.003201733,-0.200559037,0.010884176,0.222959221,0.291850414,0.412784449,0.040950793,0.143999987
17600,0.334955255,0.199961436,0.012201892,-0.247086248,0.007417396,0.370652408,0.16877471,0.44577394,0.114999026,0.101836152
17700,0.187447929,-0.124343826,-0.008348017,-0.152118942,0.00568876,0.37430877,0.25982292,0.421457802,0.074868788,0.017305198
17800,0.213862445,-0.127247934,0.002753228,-0.123472593,0.008215966,0.335179601,0.220331893,0.403217174,0.053110998,0.00392408
17900,0.161685103,0.009856383,-0.00522802,-0.148097926,0.007089865,0.369831173,0.331517349,0.424390129,0.079649661,0.010750201
18000,0.125549468,-0.107990195,-0.003479695,-0.067203156,0.005450525,0.388094672,0.320091996,0.418110871,0.070940763,0.009841595
18100,0.135392815,-0.107673134,-0.006112902,-0.061559186,0.00742695,0.349396778,0.311649455,0.41232222,0.061169841,0.032678485
18201,0.162199726,-0.177642309,-0.001770364,-0.101000664,0.005376764,0.279291926,0.365377714,0.390900004,0.004304221,0.004735134
18202,0.09783873,-0.120861117,-0.028326053,-0.18914664,0.007055871,0.221422142,0.46309631,0.378037804,-0.025559046,0.003290892
18300,0.129459245,-0.277124137,0.014440288,-0.204649139,0.003969543,0.31333821,0.217264082,0.392099488,0.016342026,0.010066969
18400,0.206947928,-0.636668873,-0.013316621,-0.120098535,0.003239579,0.345454545,0.165619835,0.404958678,0.040707428,0.005549927
18500,0.237257511,-0.140330204,-0.010608023,-0.203854611,0.006914911,0.285358088,0.387872389,0.41685022,0.043358907,0.01387192
18600,0.253636821,-0.098466977,-0.003648,-0.120043814,0.005121642,0.406115963,0.184028839,0.424446666,0.088626803,0.036325222
18700,0.157650611,-0.193416464,-0.017520649,-0.128047604,0.006439286,0.212955498,0.360694092,0.404591887,0.007130168,0.014286744
18800,0.223672489,-0.259920401,6.98E-05,-0.133596977,0.005128981,0.272815626,0.320635959,0.414030604,0.032201978,0.048100022
18900,0.11924041,-0.056435708,0.01171027,-0.043359958,0.00382568,0.240945041,0.374114635,0.404641529,0.004002295,0.005000046
19000,0.180009982,0.087801495,-0.007281793,-0.226068274,0.007379556,0.299813782,0.407115607,0.409411982,0.039183502,0.099758085
19100,0.188117302,-0.075551708,0.011574795,-0.093720553,0.005547589,0.225506635,0.384420064,0.412590428,0.015956684,0.062920604
19200,0.184878558,0.095112514,0.001066926,-0.090103342,0.007292786,0.277287299,0.299415805,0.418126158,0.048138418,0.047979781
19300,0.279496294,-0.036669475,-0.005369282,-0.31990281,0.007573142,0.393759669,0.241565872,0.405300233,0.068624631,0.110037647
19400,0.347941258,0.14427341,-5.32E-05,-0.397157448,0.015276821,0.432798389,0.177121019,0.439423678,0.155611278,0.261912449
19500,0.339201806,-0.096775489,-0.001420524,-0.234870913,0.008097886,0.403075266,0.172609788,0.404331698,0.07521582,0.151627412
19600,0.349263553,0.120836419,-0.011007814,-0.402197128,0.013857686,0.401029295,0.275323866,0.427738751,0.122129834,0.253641748
19700,0.284665242,0.06130713,-0.003979964,-0.175622891,0.007576535,0.360567988,0.243206825,0.42209687,0.080092973,0.093864727
19800,0.226048805,0.100860072,-0.005025703,-0.230606519,0.007733369,0.398962633,0.248629607,0.42383412,0.093413272,0.113044642
19901,0.302742219,8.03E-04,-0.00228468,-0.412674412,0.007559235,0.273009272,0.219734143,0.43135587,0.067981505,0.092328229
19902,0.334416311,-0.225846438,-0.011629986,-0.359403153,0.00508258,0.26245991,0.233120676,0.428372875,0.050818822,0.048286008
19903,0.197614488,-0.120785888,0.021700578,-0.441193384,0.004297339,0.236227045,0.214106845,0.415692821,0.025426554,0.054014741
20001,0.214376841,-0.340196732,0.014055793,-0.290434188,0.002678571,0.329881759,0.254582086,0.397857594,0.021305487,0.014460038
20002,0.215746169,-0.543550322,0.03565751,-0.376532288,0.001163703,0.317422434,0.229116945,0.385680191,-0.002224556,0.022535349
20003,0.210071795,-0.172984913,-0.010278644,-0.522684907,0.002581308,0.303588749,0.253637245,0.384093113,-0.003506431,-0.036348781
20100,0.271857991,-0.029680909,0.010258792,-0.212779057,0.00248815,0.325124682,0.301214898,0.420262776,0.044933334,0.016840216
20200,0.25423774,-0.095564903,0.004698769,-0.075504802,0.003785761,0.405234784,0.250777047,0.421967915,0.076981107,0.01868773
20301,0.18500106,-0.075254456,-0.025575299,-0.274854921,0.002616205,0.329939628,0.294935463,0.402164925,0.024615837,-0.006095274
20302,0.229515939,0.153426256,-0.006591613,-0.153494668,0.003129807,0.379344934,0.272564299,0.424001993,0.06864155,0.014774406
20401,0.29631667,0.072419473,-0.002945774,-0.261236913,0.006498462,0.376399466,0.307041208,0.442988651,0.103305954,0.107510345
20402,0.351786219,-0.227625064,0.014886705,-0.514773084,0.002633553,0.494981179,0.07685069,0.43412798,0.12043281,0.163331304
20403,0.349284734,-0.229906981,0.010446517,-0.587263189,0.002633449,0.494981179,0.07685069,0.43412798,0.120432395,0.141853343
20500,0.368978094,0.343276125,-0.002520689,-0.21169863,0.00685694,0.434817117,0.259605271,0.442130906,0.122194266,0.162888955
20600,0.367693723,-0.031378036,0.013406049,-0.138534281,0.003755063,0.380699671,0.316126437,0.427030016,0.073333731,0.065391236
20700,0.227432798,0.032727067,-0.012743704,-0.267969598,0.003813253,0.37840948,0.305708962,0.427794119,0.07433705,0.00346511
20800,0.268537287,0.355970883,-0.001202847,-0.228357039,0.004481865,0.387524171,0.298789658,0.437155339,0.091496403,0.072049505
20901,0.323603013,0.409066327,-0.00398947,-0.200406263,0.007431176,0.412776344,0.318552912,0.427603524,0.097638405,0.115965269
20902,0.202904669,0.011813034,-0.009286556,-0.186347485,0.003788449,0.365351269,0.320714295,0.430191639,0.072877122,0.011872418
21001,0.332708311,-0.415533996,0.022902456,0.018969374,0.006076941,0.270072993,0.21326563,0.382735639,0.00117661,0.001137695
21002,0.127107133,-0.210497321,0.049373502,0.123572199,0.006526056,0.326582278,0.174683544,0.403544304,0.04638673,0.003322689
21003,0.167489809,-0.296941503,0.03105888,0.014680989,0.006548748,0.315305187,0.182383053,0.39939169,0.037813524,5.29E-04
21004,0.340388034,-0.484596607,0.03541434,0.024443095,0.003291074,0.29037037,0.248395062,0.403950617,0.020499659,0.008721861
21101,0.359218386,-0.279355657,0.027841884,0.037470176,0.005380709,0.290571128,0.226895042,0.395278312,0.0191065,0.010788602
21102,0.387935012,-0.189485919,0.027366745,0.045303998,0.005061244,0.300070071,0.233210983,0.401090652,0.027427989,0.017180015
21201,0.287360649,0.005479204,-0.020202178,-0.033583324,0.00512798,0.320334704,0.221281663,0.394312001,0.025503836,0.03631318
21202,0.365004511,-0.08935746,-0.008791397,0.022326912,0.006907432,0.295400348,0.180912515,0.388275621,0.019928295,0.019830493
21301,0.321468394,0.080045023,0.021748298,0.013658129,0.008314263,0.360418544,0.237463448,0.41047489,0.068832365,0.03029573
21302,0.28050987,0.072634104,0.007560429,-0.011143322,0.011254625,0.315357344,0.26231385,0.415379278,0.072912627,0.043212061
21400,0.308364379,-0.013274693,0.010620321,0.041410713,0.006398121,0.329007079,0.191947532,0.408691222,0.052172889,0.031513271
21501,0.244218575,0.420567679,0.005389845,-0.088966421,0.009301842,0.449217052,0.235870156,0.440790471,0.135407406,0.12488108
21502,0.176108855,-0.472963524,0.048378795,-0.043956787,0.003723043,0.290460226,0.201158183,0.375190491,-0.011333221,0.007362881
21600,0.261723965,-0.424382394,0.017201479,-0.051985064,0.003745609,0.280205246,0.174596237,0.382257197,-0.004164975,0.01053084
21701,0.209279629,0.01395661,-0.010427839,-0.027783042,0.008824604,0.392324507,0.218487553,0.435930126,0.112270987,0.088693001
21702,0.212616595,-0.272276533,-0.033828437,-0.159805776,0.007966512,0.333283736,0.229708104,0.410686566,0.060433145,0.029471959
21801,0.283960717,-0.396469816,-0.028225505,0.002352618,0.008636382,0.333979328,0.208010336,0.388565891,0.036820969,0.004478786
21802,0.279271968,-0.398715012,-0.011934562,-0.025469343,0.007035149,0.287457985,0.208188551,0.373889934,-8.64E-04,0.006570726
21900,0.232229762,0.231550996,-0.007705231,-0.091873422,0.006521196,0.301225927,0.24703869,0.403725466,0.036241281,0.017688049
22001,0.082509227,-0.145091592,-0.009752259,-0.091247658,0.005663377,0.314648086,0.284208253,0.390162125,0.018086253,0.029610004
22002,0.288487223,-0.014271471,-0.011429968,-0.052631155,0.007152462,0.322626356,0.235510662,0.397405604,0.037444262,0.013356472
22100,0.230577111,0.216908998,0.009949189,-0.093392967,0.014723731,0.385571513,0.226146799,0.429085131,0.125119804,0.062353723
22200,0.145884387,0.444876014,-0.003961124,-0.124154707,0.010756827,0.398983922,0.293381999,0.434246164,0.116429473,0.020907338
22300,0.28224236,0.105583458,-0.001643939,-0.087679074,0.006550781,0.271141664,0.205279101,0.405507489,0.031990349,0.023014557
22400,0.225873679,0.107585414,-0.023525301,-0.049634418,0.012407871,0.253839002,0.416838146,0.416244266,0.054422581,0.034524673
22500,0.195285678,-0.094608874,-0.002209831,-0.030803706,0.007276815,0.28547183,0.339939832,0.416110592,0.046060692,0.015909869
22601,0.173220804,-0.090992764,-0.001023357,-0.090973469,0.007972952,0.290513269,0.304402363,0.409302202,0.043396301,0.054746514
22602,0.325180543,-0.363020035,0.017108895,0.018849204,0.007705985,0.25127841,0.26567283,0.397312856,0.018163461,0.009347633
22700,0.203755057,-0.171585752,0.014862498,-0.014033638,0.006196236,0.299394306,0.261839821,0.411219487,0.043067868,0.017343438
22800,0.266514638,-0.230687143,0.025059433,-0.029996334,0.007265717,0.3202652,0.20366282,0.417399834,0.063472064,0.013830515
22900,0.269500956,-0.049440611,0.007951224,-0.024962563,0.006847955,0.331302928,0.221542631,0.42189613,0.069682704,0.01502496
23000,0.37134076,0.053401254,-8.41E-05,-0.033014816,0.007893247,0.298081535,0.223545629,0.405929012,0.044627679,0.005998485
23100,0.28192016,-0.071317727,0.014899093,-0.056160173,0.009195059,0.455285414,0.161489558,0.445259652,0.145553523,0.076664907
23200,0.134477374,-0.230783642,-0.00617418,-0.093298343,0.011857647,0.269865359,0.275484322,0.399055677,0.041703301,0.010195584
23301,0.144839769,0.105116284,0.006894363,-0.039152272,0.015742159,0.290841584,0.270420792,0.401608911,0.066516245,0.016335232
23302,0.089939599,-0.229936547,-0.023633939,-0.02152669,0.01134334,0.270670391,0.224860335,0.392458101,0.033946189,0.008382098
23400,0.220938006,0.078869573,0.005429469,-0.162891929,0.011834488,0.40966737,0.193241047,0.421681349,0.112615566,0.039191132
23500,0.162045278,-0.177877638,7.75E-04,-0.108553372,0.008459966,0.396652528,0.207839988,0.419461607,0.092064516,0.045476446
23600,0.140822407,0.371768489,0.004794748,-0.124034487,0.019915078,0.301640976,0.303747826,0.404129144,0.087869144,0.025997008
23700,0.050151298,0.052567205,-0.007169902,-0.16521828,0.01363423,0.299103,0.275159882,0.395264618,0.052323243,0.005640736
23801,0.017495445,0.063486095,-0.015356903,-0.156652021,0.018149183,0.344498612,0.297669175,0.409128282,0.099318298,0.024612305
23802,0.073863057,-0.341003068,-0.028015519,-0.203689298,0.011170503,0.275574583,0.279405137,0.404236142,0.046813727,0.009288684
23900,0.04944145,-0.017784305,-0.003785895,-0.102404845,0.014458496,0.313983914,0.319465527,0.396750138,0.059660849,0.013346403
24000,0.140981919,-0.317233567,-0.011841806,-0.112674962,0.011894306,0.298462459,0.405978558,0.407018348,0.053932281,0.048891959
24100,0.145176786,0.137489682,-0.009953785,-0.129832376,0.011503508,0.372254202,0.329475861,0.430547543,0.105707245,0.046685062
24200,0.180957045,0.185525375,-0.009869114,-0.262311152,0.015677115,0.274454797,0.293859963,0.416455975,0.079035672,0.048261363
24300,0.220730768,0.292140124,-0.006468198,-0.367711291,0.019240343,0.414161508,0.27355783,0.426221046,0.145529691,0.188374356
24400,0.134696703,0.18848334,-0.008073685,-0.207593653,0.018042244,0.311524719,0.370393267,0.41648671,0.095517539,0.069446247
24500,0.153008935,-0.020811507,0.007679552,-0.165695652,0.008401662,0.218249007,0.245427726,0.399440218,0.015216032,0.015982025
24600,0.141852805,0.045049893,0.002093524,-0.105817721,0.006885949,0.255322772,0.263132334,0.40087016,0.020549291,0.016549173
24701,0.154558966,0.023308366,-0.003530422,-0.11850388,0.009953667,0.36962791,0.243935191,0.42911112,0.100812441,0.04108167
24702,0.203452107,-0.105522212,-0.009028293,-0.166764012,0.007399322,0.278263938,0.200347725,0.425501338,0.062417246,0.012539051
24801,0.175050561,0.102855553,-0.023300817,-0.151506931,0.008534373,0.256312627,0.2208965,0.394407928,0.021283104,0.014480438
24802,0.185820715,0.085728474,-0.007467067,-0.257157717,0.00949529,0.349632054,0.125299032,0.443927298,0.117054167,0.0096784
24900,0.151339286,-0.136493972,-0.00754489,-0.125519668,0.011456088,0.293322582,0.265855725,0.397576981,0.045278563,0.00760142
25000,0.187290293,-0.071370777,0.005929597,-0.09018432,0.009405971,0.244094454,0.257844127,0.396948058,0.022839349,0.004118281
25101,0.244791296,0.093809726,0.027354507,-0.195323835,0.008693298,0.23674843,0.297398921,0.417344879,0.041476122,0.055281244
25102,0.279405647,-0.330588651,0.011285149,-0.187267718,0.008064673,0.199662933,0.286440563,0.402423228,0.010521097,0.007233869
25103,0.232084523,0.207645075,0.016888374,-0.305752721,0.008054393,0.24483166,0.298877732,0.420555227,0.045109817,0.058728119
25104,0.063155372,-0.436213012,-0.051741226,-0.275767635,-0.004159377,0.220731707,0.261280488,0.40945122,-0.022584196,0.008759103
25105,0.059612184,-0.450541166,-0.060306127,-0.306568435,-0.004159567,0.220731707,0.261280488,0.40945122,-0.022584954,0.006910834
25200,0.017648728,-0.012918122,-0.016890031,-0.108402488,0.006588452,0.230243888,0.221120659,0.379398758,-0.012453082,0.010805906
25300,0.173725358,-0.035884433,-0.014514334,-0.204275107,0.005174458,0.249149692,0.342434202,0.413199038,0.023733723,0.016217148
25401,0.154601134,-0.027768063,0.002418165,-0.147825704,0.006530196,0.304922902,0.238761855,0.397628831,0.030118217,0.018060626
25402,0.139597556,0.053289077,-0.018546388,-0.288729054,0.004608627,0.314917127,0.261994766,0.400116313,0.02729196,0.022518684
25500,0.180282048,-0.320889554,0.00104761,-0.092149636,0.00620131,0.261450476,0.21078262,0.39007586,0.008474042,0.009893065
25601,0.035078839,-0.088336903,0.007282494,-0.075970856,0.009495484,0.355728292,0.140686384,0.393556116,0.055562161,0.015877669
25602,0.112551969,-0.302764598,-0.010025942,-0.039878575,0.010557263,0.275257732,0.12371134,0.390721649,0.034454687,0.008069913
25701,0.184566311,-0.057371849,0.004082661,-0.097114525,0.006512767,0.219920429,0.238990823,0.408603877,0.019795019,0.00905869
25702,0.196847635,-0.392658564,0.015163921,-0.126940068,0.005602237,0.192198982,0.23629169,0.425098926,0.0289652,0.001866129
25800,0.216659005,0.064048147,-0.006962439,-0.172598325,0.004317932,0.211748772,0.227783321,0.407284892,0.007590316,0.001448389
25900,0.344428552,0.262442592,0.016425349,-0.216966496,0.009810358,0.234983885,0.314386171,0.431292118,0.061997772,0.02791472
26001,0.245294806,-0.680533886,0.036217567,0.249266748,0.006553852,0.340033501,0.141038526,0.390954774,0.036151998,0.013307794
26002,0.107574444,-0.184251948,0.015542612,-0.02509179,0.00571723,0.367839825,0.129592274,0.381449134,0.029327818,0.002919651
26003,0.141462994,-0.302944599,0.023310574,-0.32314762,0.003722322,0.290460226,0.201158183,0.375190491,-0.011336105,0.010828122
26004,0.112567424,-0.371260088,-0.003783865,-0.444016412,0.003722605,0.290460226,0.201158183,0.375190491,-0.011334974,0.001588484
26101,0.154687367,-0.279511478,0.008530676,-0.150698532,0.007921521,0.225951453,0.254120467,0.398561582,0.013980318,0.008499926
26102,0.193532082,0.118893107,-0.004079203,-0.142755194,0.007643097,0.271351263,0.203842184,0.408993701,0.040806856,0.017455126
26103,0.178585506,0.186015294,0.002916646,-0.148276292,0.006980885,0.261922993,0.204925225,0.408144589,0.034410345,0.015507875
26104,0.249638831,-0.028048096,-0.013448787,-0.176754211,0.005940643,0.250615658,0.190272151,0.39818776,0.015374149,0.005200842
26105,0.192194525,0.205624382,0.015966518,-0.173374654,0.003723264,0.248635236,0.206451613,0.406947891,0.016103652,0.014896486
26106,0.27400753,0.052787728,-0.007574082,-0.059594406,0.006115662,0.271752086,0.196185936,0.405244338,0.030501867,0.024970542
26107,0.192593905,0.206989227,0.016911006,-0.169846462,0.003723708,0.248635236,0.206451613,0.406947891,0.016105427,0.015297111
26201,0.146729814,-0.206190047,0.030419669,0.22817217,0.008822135,0.411313869,0.049270073,0.388686131,0.066515362,0.011251906
26202,0.069765274,-0.47287135,-0.042314182,-0.065424349,6.58E-04,0.411313869,0.049270073,0.388686131,0.033880323,0.004193655
26203,0.216739236,-0.231217202,-0.011255869,-0.318983322,0.005645191,0.398507303,0.052592519,0.387606331,0.048731141,-0.001585947
26204,0.13292344,-0.174306295,-0.007168633,-0.160755382,0.008256945,0.411313869,0.049270073,0.388686131,0.064255957,0.003190703
26301,0.169651905,-0.306998587,0.002829396,0.47980902,0.006064766,0.388143966,0.05528111,0.386732534,0.046294308,-9.59E-04
26302,0.124728164,-0.407626358,-0.021548311,0.419261533,0.005429972,0.388143966,0.05528111,0.386732534,0.043756652,-0.006352821
26303,0.286884947,-0.134760833,0.034551361,0.209217117,0.005504717,0.388143966,0.05528111,0.386732534,0.044055454,4.45E-04
26304,0.296684751,-0.029459264,0.020581229,0.169807272,0.005783917,0.385804236,0.040068689,0.35060103,3.50E-04,0.005003039
26305,0.207897942,-0.111792992,0.006995133,0.060796551,0.006863728,0.391732651,0.048245923,0.373169354,0.033976409,-0.002325033
26401,0.107059523,-0.271661067,0.015711518,-0.65646156,0.009444432,0.369241822,0.063142975,0.378262247,0.043634164,-0.006610226
26402,0.172399287,-0.193027845,-0.013991757,-0.282337349,0.003580427,0.350147121,0.038251366,0.355611602,-0.012169138,1.50E-04
26403,0.232843207,-0.353771267,-0.01641813,0.196319832,0.006293107,0.385804236,0.040068689,0.35060103,0.002385999,0.003473365
26404,0.289408029,-0.048467879,-0.011394834,0.021741311,0.006886864,0.37372201,0.035437231,0.367239377,0.022224647,9.23E-04
26405,0.027579203,-0.180265713,-0.02800043,-0.512929297,0.003484785,0.38210075,0.043944266,0.394962487,0.045004724,-0.022405609
26406,0.067457861,-0.175502491,-0.017631017,-0.36849462,0.003491794,0.37566281,0.042797274,0.387034165,0.033436459,-0.015024063
26407,0.029739022,-0.175406636,-0.025673314,-0.484546237,0.003484892,0.38210075,0.043944266,0.394962487,0.045005152,-0.021994019
26408,0.032092215,-0.170073329,-0.023133307,-0.453446157,0.003485313,0.38210075,0.043944266,0.394962487,0.045006834,-0.021523848
26409,0.207161663,-0.285632393,-0.00345141,-0.199939523,0.00459719,0.355471269,0.03852272,0.354863447,-0.007550428,9.84E-04
26410,0.238954608,-0.344164162,-0.004065183,0.310464276,0.006293751,0.385804236,0.040068689,0.35060103,0.002388575,0.007399077
26411,0.263866927,-0.233684762,0.020325985,0.06822876,0.006723695,0.369443704,0.039234848,0.352900028,0.002404642,0.002461804
26412,0.262275834,-0.190600845,0.024742377,0.357365444,0.00830876,0.385804236,0.040068689,0.35060103,0.010443782,0.004815839
26501,0.404707037,-0.142669363,0.016526272,0.307358583,0.005650434,0.37124879,0.115198451,0.386737657,0.037224543,0.018901393
26502,0.404090798,-0.13940314,0.012683823,0.281555084,0.005650029,0.37124879,0.115198451,0.386737657,0.037222924,0.016758536
26503,0.242135954,0.013525488,0.011198021,-0.104286544,0.007456309,0.380751441,0.146819366,0.419610615,0.086498645,0.060534926
26504,0.404843952,-0.143400216,0.017382031,0.313041253,0.0056504,0.37124879,0.115198451,0.386737657,0.037224408,0.01941028
26601,0.386081007,-0.199566392,0.005263434,-0.064657805,0.006000736,0.340676281,0.122017527,0.389958159,0.033734037,0.0114081
26602,0.261568786,-0.948217616,-0.014379589,-0.123859222,0.003400434,0.355148741,0.108924485,0.399542334,0.039882265,0.011064934
26603,0.274910582,0.01816769,-0.006961908,0.093237473,0.004733527,0.378879687,0.037148568,0.393846281,0.048010578,0.006267377
26604,0.361845979,-0.801176995,-0.045972449,1.292495206,0.001526779,0.351203501,0.026805252,0.398249453,0.033348004,0.011403268
26605,0.262610385,-0.941675535,-0.011957465,-0.104011824,0.003400932,0.355148741,0.108924485,0.399542334,0.039884256,0.012007302
26701,0.314131272,-0.423547487,0.026918326,-0.10474982,0.005049296,0.345786616,0.130240939,0.393361522,0.035221973,0.00947979
26702,0.265326324,-0.374412766,0.015976636,0.081515457,0.006141714,0.380354435,0.069166033,0.387416153,0.04464322,0.010480316
26703,0.210261764,-0.825442114,0.002938909,0.150849198,0.006554489,0.340033501,0.141038526,0.390954774,0.036154545,0.004164416
26704,0.240100895,-0.496329797,0.004405652,0.020391386,0.006020042,0.38522503,0.087018477,0.390107643,0.048067295,0.019015521
26801,0.26671736,-0.581723145,0.027987015,0.061534306,0.004542217,0.433241492,0.108675388,0.401174116,0.06840782,0.036928645
26802,0.026159095,-0.527362249,-0.002699293,0.003721716,0.004400016,0.4463264,0.088767031,0.397752954,0.068156165,-0.005620624
26803,0.127519831,-0.404888718,-0.017047661,0.449730663,0.005431201,0.388143966,0.05528111,0.386732534,0.043761564,-0.005258887
26804,0.122097125,-0.410145842,-0.02577032,0.389990364,0.005429821,0.388143966,0.05528111,0.386732534,0.043756047,-0.007299562
26901,0.141730319,-0.420712119,0.023842004,0.12381574,0.003107282,0.356925419,0.109335363,0.398021309,0.037303029,0.018012974
26902,0.317157944,-0.748616052,0.006961965,0.12797921,0.003660581,0.27027027,0.148863149,0.389103389,0.002352285,0.019163766
27001,0.267239251,0.48463951,-0.014778258,-0.118473766,0.022989346,0.338101035,0.086122946,0.373097991,0.081602512,0.017023567
27002,0.286195624,0.604232936,-0.052171861,-0.042574938,0.022051241,0.338101035,0.086122946,0.373097991,0.07785234,0.053409024
27003,0.243078101,0.382515924,-0.035668001,-0.488045151,0.02298856,0.338101035,0.086122946,0.373097991,0.08159937,0.012997886
27004,0.366451853,-0.1333074,-0.039475337,0.777522179,0.007798138,0.351203501,0.026805252,0.398249453,0.058418412,0.004070462
27005,0.41083823,0.343513799,0.020970283,-0.039768135,0.007157749,0.339795481,0.128189274,0.3782947,0.023360523,0.035923195
27006,0.310450885,0.226392002,-0.002988292,-0.167419303,0.005425238,0.355394032,0.100229533,0.387528692,0.03352344,0.005390613
27007,0.269091739,-0.913385752,-0.030156691,-0.222727901,0.002603721,0.355179956,0.107818007,0.398013535,0.034858076,0.011439074
27008,0.307514039,0.20752724,-0.008686202,-0.197365892,0.005425137,0.355394032,0.100229533,0.387528692,0.033523034,0.004249566
27009,0.322414184,-0.028974572,-0.036827266,-0.03335415,0.006641011,0.353304565,0.063618987,0.392874238,0.046066824,0.006418373
27010,0.311780316,-0.53637848,-0.018031474,0.003478616,0.009384621,0.354086837,0.086821201,0.399194341,0.064061952,0.007609615
27011,0.381961247,-0.082333752,-0.016001055,0.902066489,0.007798282,0.351203501,0.026805252,0.398249453,0.058418985,0.007874677
27012,0.326428381,0.170744006,-0.063619072,-0.158220502,0.001819192,0.351203501,0.026805252,0.398249453,0.034516954,-8.45E-04
27101,0.401177299,-0.06617327,0.004355197,0.050034529,0.006979684,0.295052694,0.172831965,0.388232645,0.020427134,0.023119488
27102,0.401394273,-0.287149193,-0.005235489,0.075358479,0.007284035,0.293592035,0.138881797,0.388052081,0.022526122,0.03310789
27201,0.240052255,-0.393997921,0.027933362,-0.006766202,0.006865081,0.326181696,0.157224271,0.37713711,0.015634776,0.045260194
27202,0.358962992,-0.334227664,-0.007774019,-0.070239434,0.007234842,0.297448294,0.14105222,0.386760537,0.021712208,0.05665758
27301,0.277434673,-0.303449042,0.00101972,-0.023315043,0.007663973,0.328687875,0.173547039,0.380810349,0.023361887,0.029795482
27302,0.249532713,-0.289719153,-4.94E-04,-0.113541323,0.015089395,0.28651319,0.242352346,0.398451302,0.060026327,0.048597121
27401,0.297082159,-0.213126515,-0.002587767,-0.033544251,0.004216515,0.280773504,0.136386416,0.374363748,-0.010212933,0.028222375
27402,0.220249919,0.454999788,0.011095537,-0.09916483,0.005994969,0.317387687,0.173044925,0.398918469,0.036014196,0.012554506
27501,0.225836878,0.124697699,0.013239434,-0.102235597,0.009869977,0.400653303,0.151152147,0.446322561,0.134694398,0.092989
27502,0.275110074,0.05550537,-0.005854726,-0.053298722,0.006115724,0.271752086,0.196185936,0.405244338,0.030502118,0.027036392
27503,0.320957316,0.237578887,-0.002557298,-0.08029963,0.010040855,0.268215114,0.142563377,0.403311528,0.045196593,0.007331574
27504,0.314373248,-0.172229797,-0.026691033,0.020118161,7.69E-04,0.256874581,0.125419182,0.372904091,-0.032026207,0.020692143
27601,0.216836503,-0.301698796,0.024820958,-0.171781126,0.012262156,0.388752197,0.08857645,0.401405975,0.08796412,0.0091332
27602,0.353822966,0.200504011,-0.011420393,0.219431484,0.001819222,0.351203501,0.026805252,0.398249453,0.034517077,0.00318129
27603,0.335702632,0.180617945,-0.04615563,-0.030547855,0.001819215,0.351203501,0.026805252,0.398249453,0.034517047,3.08E-04
27604,0.335837782,0.180763326,-0.045899595,-0.028690922,0.001819169,0.351203501,0.026805252,0.398249453,0.034516863,3.26E-04
27605,0.356182826,0.203153629,-0.006835099,0.252353476,0.001819238,0.351203501,0.026805252,0.398249453,0.034517139,0.003634326
27701,0.252856435,0.401524086,-0.026242306,-0.389130816,0.022993528,0.338101035,0.086122946,0.373097991,0.081619231,0.018043104
27702,0.113028248,0.27980791,0.004291377,-0.345247025,0.016615637,0.418200116,0.061933253,0.374375584,0.081277189,0.028972555
27703,0.121517164,-0.230675089,-0.015076713,-0.508257415,0.012730491,0.433399245,0.05734316,0.374618012,0.070519038,-0.009425768
27704,0.352443933,0.271918222,0.003956493,-0.237985645,0.01505264,0.346328147,0.048877032,0.388890736,0.073449003,0.007427374
27801,0.268689336,0.370986358,-0.013270477,-0.028146473,0.007557252,0.321797753,0.160449438,0.367640449,0.005240378,0.079412112
27802,0.200306337,0.241269567,-0.019593079,-0.146859561,0.006614298,0.28491447,0.204396181,0.386884209,0.013036625,0.074444084
27901,0.202523241,0.185636106,-0.028457317,-0.194212326,0.018917856,0.350731215,0.158850227,0.406454866,0.107023751,0.030575748
27902,0.243526954,-0.118619473,-0.012445987,-0.10332771,0.006120104,0.29828722,0.154150198,0.39314888,0.024835132,0.035230306
27903,0.154175035,0.664215194,-0.034260605,-0.297490423,0.018238233,0.350731215,0.158850227,0.406454866,0.104306888,0.070032779
28001,0.230890054,0.148626295,-0.001785991,-0.138386124,0.014558481,0.320292474,0.156668161,0.39680296,0.069169161,0.062183001
28002,0.198544607,0.280325508,-0.026151349,-0.136235829,0.006547543,0.282571912,0.21319797,0.385786802,0.010356902,0.071319759
28101,0.222107683,0.071528654,0.006966784,-0.132432475,0.010808625,0.462653013,0.148523083,0.443011621,0.151861499,0.076526604
28102,0.243336476,-0.119278417,-0.013057802,-0.105480288,0.006120377,0.29828722,0.154150198,0.39314888,0.02483622,0.034481913
28201,0.312227646,0.249165846,0.002296726,-0.098634876,0.009959697,0.271233496,0.158572849,0.409614373,0.052827081,0.009104662
28202,0.226887814,0.23782482,0.004002282,-0.197734219,0.012499938,0.389569839,0.141909896,0.425203225,0.116297299,0.07003191
28301,0.337493868,0.424614791,-0.01019592,-0.238091589,0.0389298,0.333454943,0.077708865,0.366654506,0.136400387,0.088980607
28302,0.232633258,0.218735812,0.006688502,-0.332877722,0.025527802,0.331792484,0.100828288,0.373628885,0.089981151,0.063024937
28303,0.247138197,0.390293591,-0.031768661,-0.447295127,0.022988105,0.338101035,0.086122946,0.373097991,0.081597553,0.014970515
28304,0.242718002,0.315835061,-0.013553689,-0.341933532,0.021567425,0.336029396,0.092181313,0.373708924,0.075824246,0.028726996
28305,0.309952202,0.580434867,-0.028516313,-0.161875711,0.021903025,0.33760765,0.087565816,0.373243492,0.077237449,0.055751878
28306,0.183589624,-0.034203618,-0.009757706,-0.25113307,0.010303799,0.330204778,0.109215017,0.375426621,0.030532464,0.071256307
28401,0.306797296,-0.017418298,0.019971496,-0.057592201,0.008326225,0.452087649,0.134815732,0.402156207,0.088877151,0.126530448
28402,0.345434513,0.439093252,4.80E-04,-0.153456274,0.038929933,0.333454943,0.077708865,0.366654506,0.136400919,0.122459849
28501,0.278327585,0.618458642,-0.032685692,-0.757940156,0.038787215,0.333454943,0.077708865,0.366654506,0.135830391,0.031346134
28502,0.128388733,0.008709396,0.019432759,-0.283520377,0.02584742,0.379292581,0.156749934,0.381208557,0.111504055,0.049686703
28503,0.21484212,0.003437447,0.028469217,-0.398930368,0.026058983,0.423173804,0.062468514,0.377329975,0.124067186,0.056190672
28504,0.33754233,0.424701317,-0.010131089,-0.237570876,0.038930148,0.333454943,0.077708865,0.366654506,0.136401778,0.089157042
28601,0.25413924,0.107149769,-0.030264803,-0.145032428,0.011813989,0.38426501,0.072049689,0.391304348,0.073113563,0.002941688
28602,0.258880273,0.116193259,-0.022688015,-0.083239034,0.011813879,0.38426501,0.072049689,0.391304348,0.073113125,0.00472573
28603,0.255349706,0.109437613,-0.028337354,-0.129348128,0.011814254,0.38426501,0.072049689,0.391304348,0.073114624,0.003368952
28604,0.25880101,0.116040221,-0.0228153,-0.084280429,0.011814579,0.38426501,0.072049689,0.391304348,0.073115922,0.004693305
28605,0.258214295,0.114909399,-0.023756817,-0.091979748,0.011814054,0.38426501,0.072049689,0.391304348,0.073113823,0.004456247
28606,0.248242872,0.111793688,-0.007253111,-0.239067667,0.014714391,0.360688358,0.088258166,0.384379782,0.068770735,0.028029238
28607,0.180845576,-0.042591745,-0.01405482,-0.282506608,0.010303814,0.330204778,0.109215017,0.375426621,0.030532524,0.064476849
28608,0.213302923,0.316442489,-0.015915538,-0.12834652,0.019273246,0.34973566,0.153117604,0.403825559,0.105157717,0.038718281
28609,0.20307385,0.11491494,-0.009058084,-0.234713558,0.016603659,0.336378985,0.124144935,0.384759697,0.068366863,0.062764782
28701,0.065564103,-0.273200082,0.013735663,-0.554922166,0.010697285,0.446311858,0.100840336,0.369281046,0.057449543,0.016125478
28702,0.301610232,-0.249710981,0.026587283,-0.31134089,0.01342164,0.48932855,0.060144657,0.379764977,0.0952472,0.29845102
28703,0.379650006,-0.07704428,0.033038583,-0.078253216,0.009439712,0.539014374,0.046885695,0.379876797,0.094009521,0.222751607
28704,0.103805748,0.171872595,0.006235025,-0.327496796,0.015625104,0.440209324,0.056668861,0.374957099,0.084453472,0.031645057
28800,0.269210069,0.161846967,0.0248432,-0.094045352,0.020745683,0.474964696,0.178283158,0.405972967,0.147743481,0.142587732
28900,0.261569685,0.42378834,0.009315186,-0.16303906,0.014487287,0.502250858,0.15670806,0.424874565,0.154808567,0.201121529
29001,0.290898731,0.740975699,-0.01951531,-0.097707485,0.012342328,0.342231076,0.155776892,0.387649402,0.055148282,0.015446302
29002,0.286337413,0.727654248,-0.025253917,-0.129081095,0.012341316,0.342231076,0.155776892,0.387649402,0.055144236,0.011879704
29003,0.224951912,0.390974704,-0.010479805,-0.528783485,0.039563591,0.388435878,0.098962194,0.364714603,0.151013088,0.292580867
29004,0.291071554,0.741483734,-0.019297664,-0.096520343,0.012344156,0.342231076,0.155776892,0.387649402,0.055155592,0.015590351
29005,0.18727114,0.123442276,-0.012629554,-0.185163939,0.023610539,0.36690684,0.25127494,0.411312652,0.132225251,0.006426062
29006,0.261358594,0.121010467,-0.018697687,-0.050525495,0.011815689,0.38426501,0.072049689,0.391304348,0.073120358,0.005790445
29007,0.255338533,0.10941643,-0.028355167,-0.129493184,0.011814122,0.38426501,0.072049689,0.391304348,0.073114097,0.003364926
29008,0.214944144,0.414241858,-0.027717809,-0.6249479,0.039579446,0.388435878,0.098962194,0.364714603,0.151076471,0.181490131
29101,0.285801524,0.09589585,-0.027708009,-0.13478349,0.010254102,0.358506944,0.149739583,0.407552083,0.076341301,0.010081284
29102,0.222130486,0.079128298,-0.017505936,-0.138341538,0.013278938,0.324137923,0.156466937,0.399707669,0.068747776,0.025672068
29103,0.275906604,0.194802029,-0.019078065,-0.111393342,0.012379016,0.369160012,0.117608455,0.400832315,0.080921914,0.00806994
29104,0.298793692,0.096039112,-0.014063353,-0.066370965,0.01025552,0.358506944,0.149739583,0.407552083,0.076346968,0.018163415
29201,0.279935724,-0.146670734,0.016895018,-0.102069096,0.007716312,0.293709528,0.195189639,0.383903793,0.016623447,0.007355244
29202,0.273034192,-0.037014614,-0.011950952,-0.059920446,0.013461805,0.382027132,0.107412724,0.401047639,0.08958563,0.001754672
29203,0.230028199,-0.043296159,-0.016902114,-0.220336027,0.013673895,0.389416502,0.103173117,0.396663657,0.087256372,0.011734172
29204,0.17814856,0.361332727,0.002637328,-0.110647696,0.011716448,0.395824456,0.153424415,0.434934534,0.126484666,0.045820909
29301,0.181783935,0.613238123,0.004287788,-0.130376488,0.016249554,0.394887229,0.302970456,0.414427092,0.112210791,0.084916754
29302,0.270113686,0.371841001,-0.002376614,-0.066672442,0.023148812,0.364389012,0.251065367,0.409062143,0.126888755,0.022700723
29303,0.161114198,0.290626433,-0.017889867,-0.126601471,0.014473744,0.326037075,0.218745351,0.402534093,0.074783398,0.010717402
29401,0.115268615,0.099474895,-0.01457784,-0.135307154,0.012544053,0.383882797,0.211558822,0.414108475,0.097995909,0.016890784
29402,0.119553589,0.204602211,-0.041855517,-0.252601225,0.01253917,0.350047908,0.212392207,0.397636538,0.067996159,0.041967732
29403,0.099803425,0.380540465,0.01287981,-0.089599307,0.015145437,0.358601211,0.255324866,0.404297162,0.087165288,0.01204258
29501,0.292577386,-0.129184961,0.031058285,-0.037820766,0.007717609,0.293709528,0.195189639,0.383903793,0.016628633,0.012754558
29502,0.180207445,0.222000198,0.005371021,-0.13831521,0.013532655,0.39557666,0.207282326,0.432935577,0.128788868,0.077496657
29503,0.224259826,0.041341811,0.003004484,-0.054493943,0.01287805,0.283933385,0.204789879,0.41032439,0.066875813,0.013247271
29504,0.218547947,0.292700207,0.001939866,-0.116982116,0.008384527,0.238585565,0.193320055,0.406865769,0.032400698,0.018226028
29505,0.317010793,0.051925849,0.011037023,-0.001372182,0.009177129,0.255813953,0.147803618,0.375193798,0.003130372,0.003295581
29506,0.316485505,0.050505174,0.009827191,-0.007614364,0.009176548,0.255813953,0.147803618,0.375193798,0.003128047,0.002919195
29601,0.20299869,0.356622516,0.014812771,-0.065734432,0.010049822,0.42016798,0.143579347,0.443784447,0.138080302,0.044548642
29602,0.256341803,-0.35452809,0.029381075,-0.074216389,0.008703941,0.236397749,0.1815197,0.405722326,0.032171302,0.043831461
29700,0.204154083,-0.263257703,0.017782442,-0.063998333,0.008503669,0.326902218,0.2160019,0.416369594,0.068454443,0.02351381
29800,0.311183401,-0.193595293,0.009685546,-0.190017227,0.003363877,0.227897252,0.275985663,0.400537634,-0.002217199,0.057681096
29901,0.142366655,0.29322739,0.018346679,-0.095997315,0.010260328,0.328908125,0.279374051,0.410002824,0.065307336,0.025302271
29902,0.267929052,0.158357925,-3.19E-05,-0.13968093,0.008061443,0.201051702,0.197350428,0.403402431,0.01609292,0.011677456
30000,0.136241936,-0.167313585,0.003435004,-0.273783283,0.012482346,0.253778963,0.326506911,0.406254459,0.046339792,0.089564988
30100,0.250360947,-0.0780727,0.017895812,-0.181429644,0.015093214,0.275101657,0.26823684,0.407712582,0.067175966,0.088113004
30200,0.221091695,-0.024111788,-0.00843782,-0.202862331,0.004205313,0.287462655,0.191605457,0.40765476,0.030472085,0.032387896
30300,0.406995216,-0.012204022,0.040747662,-0.222135228,0.011624245,0.312129519,0.245589181,0.414722349,0.073415733,0.228862489
30401,0.162111154,0.520944551,0.017245712,-0.07814639,0.014613776,0.416048392,0.143885631,0.391389753,0.090126488,0.019886885
30402,0.101753903,0.548511344,0.003157208,-0.128815496,0.012195938,0.392679427,0.214406896,0.408179049,0.09158758,0.07579016
30403,0.198755244,0.014302949,0.026178991,-0.038405885,0.005068073,0.296454366,0.179251477,0.412344058,0.042817352,0.032229585
30501,0.221417683,0.833651797,-0.022971087,-0.314643109,0.031287417,0.347282347,0.081770082,0.363155363,0.105206975,0.048710162
30502,0.133878358,0.795726933,-0.026918321,-0.20740899,0.022054478,0.364678517,0.131595425,0.375764224,0.086604941,0.037159158
30601,0.143850742,0.262256522,0.009218192,-0.377705871,0.048094042,0.369708436,0.162237849,0.392836212,0.211932697,0.29898592
30602,0.183789991,0.516979741,0.043027782,-0.250666221,0.034310795,0.355864811,0.077037773,0.394135189,0.15836405,0.143052117
30603,0.104491778,-0.106445479,0.035873531,-0.232559674,0.044603362,0.39324192,0.078354554,0.396180215,0.212482708,0.066995194
30604,-0.029572789,-0.322443619,-0.020978452,-0.313291652,0.037288896,0.295870361,0.064296916,0.329325666,0.073558006,0.086554358
30605,0.042490163,0.630803599,-0.050717222,-0.440809384,0.04863916,0.282402529,0.060590095,0.32455216,0.10939178,0.067553158
30701,0.165009989,0.422895543,0.006574784,-0.376183538,0.039186894,0.322853234,0.072854625,0.369613341,0.138340804,0.097599485
30702,0.302774639,0.284647302,0.020015691,-0.411782096,0.032034315,0.321257093,0.058926233,0.38280227,0.12629079,0.041883155
30801,0.12621471,0.498140894,0.001315183,-0.36649767,0.047291345,0.286033665,0.07471369,0.341335611,0.125222704,0.068331605
30802,0.14937614,0.773789656,-0.012404824,-0.40082892,0.02915741,0.411489966,0.13872217,0.400802317,0.158899199,0.037916207
30901,0.176664604,0.186652847,-7.60E-04,-0.451971431,0.035834326,0.316628462,0.072476485,0.375681268,0.130738895,0.073708276
30902,0.177473022,0.912819717,-0.020652194,-0.504947151,0.048429393,0.286727657,0.110462944,0.344005563,0.131683894,0.073172874
30903,0.134317938,0.601004331,0.003006465,-0.302149668,0.027606609,0.397747733,0.154174231,0.405905273,0.154484728,0.10045859
30904,0.077496985,0.796099957,-0.04682918,-0.542227126,0.047338064,0.294728642,0.136587899,0.341989094,0.125897841,0.099998566
30905,0.072403997,0.790709874,-0.054499193,-0.580608616,0.047345419,0.294728642,0.136587899,0.341989094,0.125927244,0.076413661
30906,0.074147562,0.792536485,-0.051878451,-0.567470851,0.047345115,0.294728642,0.136587899,0.341989094,0.125926028,0.084058731
30907,0.195780978,0.802343992,-0.03853324,-0.567745539,0.048929703,0.283266497,0.099161502,0.344877871,0.134299664,0.06302845
30908,0.190196319,0.88296147,-0.016102245,-0.493086055,0.048618381,0.285375409,0.106047558,0.344346367,0.132679954,0.087481233
31001,0.229996552,0.378936042,-0.00175321,-0.483599867,0.039557908,0.388435878,0.098962194,0.364714603,0.150990369,0.369857876
31002,0.222517498,0.396708744,-0.014682012,-0.551339704,0.039575031,0.388435878,0.098962194,0.364714603,0.151058819,0.261211636
31003,0.216488228,0.410704022,-0.025064543,-0.609494903,0.039578147,0.388435878,0.098962194,0.364714603,0.151071278,0.195899065
31004,0.241686951,0.589193492,6.90E-04,-0.520539211,0.038646193,0.379351812,0.095167276,0.364370423,0.144537658,0.238304083
31005,0.078351948,0.797021254,-0.045537191,-0.535781517,0.047343391,0.294728642,0.136587899,0.341989094,0.125919136,0.104358159
31006,0.221039386,0.873805542,0.007162825,-0.351299986,0.03796632,0.346924505,0.090197894,0.360999491,0.128753949,0.094805492
31007,0.085907977,0.805377977,-0.034062996,-0.47875495,0.047338737,0.294728642,0.136587899,0.341989094,0.12590053,0.149209102
31101,0.148517791,0.960901208,0.009841573,-0.127403199,0.031496893,0.281954887,0.165413534,0.370614035,0.093224416,0.086816462
31102,0.146123768,0.694487223,-0.013490061,-0.161516531,0.040530682,0.272859543,0.144826067,0.384216353,0.144586176,0.092297273
31103,0.053717422,0.66096228,-0.029969691,-0.417623475,0.030743682,0.281954887,0.165413534,0.370614035,0.090213376,0.075095328
31201,0.334065609,0.641614756,0.01673191,-0.069748056,0.022935713,0.495659347,0.134730726,0.435519852,0.200925272,0.429539585
31202,0.1785189,0.497979987,0.040350458,-1.95E-04,0.034171541,0.266019417,0.13592233,0.425242718,0.168561075,0.129409951
31301,0.233929702,0.45575256,0.014178317,-0.173322166,0.038242816,0.379558586,0.113209969,0.407032989,0.195126854,0.183831295
31302,-0.028294837,0.277593082,-0.005084314,-0.473886947,0.037554565,0.305702415,0.124274206,0.361057361,0.114084373,0.03509562
31303,0.290218899,0.604660316,-0.002543536,0.251219259,0.03542121,0.293289535,0.076959174,0.382918817,0.131317422,0.116962075
31304,0.104631512,0.577510102,-0.049125306,-0.732356167,0.044750169,0.365751335,0.133867277,0.407322654,0.216701025,0.032450935
31401,0.123244141,0.747479036,0.003213819,-0.251369825,0.044481905,0.351799125,0.128816537,0.362844776,0.156734436,0.106059476
31402,0.035557501,0.621012464,-0.059279667,-0.510156492,0.04864016,0.282402529,0.060590095,0.32455216,0.109395776,0.049827783
31403,0.128793585,0.583777215,-0.013058389,-0.493730249,0.048344923,0.304602121,0.080107154,0.346597721,0.140937667,0.08996672
31404,0.062991363,0.659481821,-0.025275244,-0.23369557,0.048636138,0.282402529,0.060590095,0.32455216,0.109379701,0.134491437
31501,0.212460686,-0.10873809,-0.029644492,-0.622538636,0.05185631,0.265265265,0.123623624,0.374874875,0.177082555,0.056658624
31502,0.290460913,0.458411383,0.0047034,-0.032367675,0.047926687,0.285782129,0.089460088,0.38076393,0.175968746,0.086926184
31503,0.246639038,0.119229297,0.049232601,-0.398671463,0.053351026,0.291066282,0.069164265,0.384245917,0.204364816,0.703114108
31600,0.149381513,0.209879666,8.35E-04,-0.462741033,0.051947993,0.296407557,0.13157224,0.404439687,0.222530972,0.575201301
31700,0.10778855,0.456736897,-0.006125215,-0.33238052,0.036334158,0.346378371,0.104788012,0.38197009,0.147451322,0.064575573
31800,0.23446302,0.782591226,0.06438827,-0.192540602,0.019270463,0.426604069,0.130516432,0.399687011,0.122600741,0.20545238
31900,0.188248662,0.718878689,0.010947909,-0.177518527,0.036816861,0.339356151,0.227569812,0.369227318,0.126109611,0.162892183
32000,0.175053449,0.820350655,4.66E-04,-0.297157431,0.029892972,0.438621917,0.182649674,0.402108957,0.169116597,0.392452285
32100,0.029816771,0.277001025,-0.0151155,-0.258421527,0.022795348,0.339044862,0.266609566,0.378148251,0.079297924,0.064067805
32201,0.137611228,0.793243642,0.008430261,-0.46211263,0.027380495,0.366163135,0.211117933,0.398151191,0.13254596,0.119166795
32202,0.081095437,0.536499138,-0.01230479,-0.518073047,0.032764385,0.297648756,0.27204096,0.394993489,0.128192546,0.097464157
32301,0.193871852,0.742045568,0.018045995,-0.387121586,0.044757329,0.365751335,0.133867277,0.407322654,0.216729646,0.053407662
32302,0.123539623,0.348037814,-0.058383268,-0.819805172,0.041500307,0.319405911,0.13482226,0.415650109,0.200990502,0.046348705
32303,0.105771624,0.577856426,-0.047259209,-0.71812627,0.044750392,0.365751335,0.133867277,0.407322654,0.216701916,0.034753656
32304,0.171649694,0.104931432,-0.019169213,-0.583298497,0.051572099,0.284861286,0.125621262,0.381202591,0.189212303,0.099988965
32305,0.193759255,0.034395152,-0.018363883,-0.406308844,0.051793491,0.266021132,0.120843428,0.372655311,0.174413071,0.146351829
32306,0.239041709,-0.050435781,0.005869351,-0.370181571,0.051841107,0.265265265,0.123623624,0.374874875,0.17702178,0.223005729
32401,-0.091507186,0.460475355,-0.077229216,-0.659543665,0.040597584,0.388509078,0.092473222,0.379312215,0.173574462,0.03171097
32402,0.165189021,0.807247962,-0.017498339,-0.569758964,0.034727692,0.303790254,0.145625534,0.389569678,0.136680461,0.012172958
32403,0.165960128,0.810518473,-0.013912175,-0.540995646,0.034728149,0.303790254,0.145625534,0.389569678,0.136682285,0.015527782
32501,0.20619585,0.703120298,0.011458504,-0.342702025,0.027800329,0.367277164,0.123067784,0.400629328,0.141545801,0.029706154
32502,0.224018998,0.689622871,0.013870055,-0.320987325,0.034463002,0.246302907,0.158082611,0.392146864,0.122124753,0.130791672
32503,0.243086378,0.86793906,0.012141323,-0.387134161,0.039296999,0.284050715,0.139976527,0.381561457,0.13971792,0.030952155
32601,0.192274752,0.82785603,-0.003583408,-0.209693715,0.013743836,0.361030544,0.16488311,0.413819237,0.09810227,0.033872383
32602,0.335037014,0.728934799,0.017689751,-0.311233825,0.034204155,0.250517203,0.157169405,0.391957935,0.122079471,0.063143655
32603,0.362872622,0.703482287,0.017961396,-0.339903468,0.034056258,0.246302907,0.158082611,0.392146864,0.120498754,0.052821183
32604,0.363300155,0.703849197,0.01936857,-0.329439232,0.034056641,0.246302907,0.158082611,0.392146864,0.120500284,0.055099369
32701,0.174844362,0.47009774,0.013936254,-0.205686118,0.034174588,0.266019417,0.13592233,0.425242718,0.168573258,0.067537281
32702,0.289226931,0.849187456,-0.005262992,-0.29739877,0.035148357,0.297108363,0.143908979,0.395880456,0.144395296,0.090969611
32801,0.174142052,0.714228437,0.01651678,-0.298680497,0.030454501,0.351551925,0.232340448,0.427364142,0.176041451,0.123414243
32802,0.200814823,0.664746374,0.018336149,-0.318662701,0.026321881,0.296938782,0.177207778,0.415016836,0.131326193,0.121875535
32900,0.299959207,0.056179778,0.025453914,-0.215311071,0.013784148,0.351473362,0.105913917,0.383274891,0.06030489,0.106619504
33000,0.241167408,0.884135554,0.002968283,-0.242945762,0.027307612,0.402517617,0.249095637,0.415992433,0.162908064,0.30465359
33100,0.279511728,0.932268336,0.002147615,-0.365259699,0.027649505,0.442345793,0.215019171,0.433757185,0.199027146,0.450351226
33200,0.145961071,0.359280081,-0.001806058,-0.322404003,0.018301849,0.30755837,0.292765104,0.414770932,0.096779804,0.116113206
33300,0.149891901,0.427327802,-0.002655496,-0.27789685,0.030229139,0.358607697,0.217267709,0.41034563,0.15667263,0.134116703
33400,0.140814475,0.324122713,0.002524738,-0.285639623,0.029386912,0.338762718,0.246077568,0.394284679,0.126513644,0.075071982
33500,0.139762372,0.081812154,0.018821254,-0.224745741,0.021696059,0.274987354,0.27534596,0.407763742,0.093285373,0.067943107
33601,0.17304491,0.16208755,0.009686256,-0.31839531,0.012479395,0.347784078,0.127827808,0.375392025,0.043290738,0.002364495
33602,0.202068013,-0.057987375,-0.010101239,-0.277759565,0.023818054,0.327838828,0.08470696,0.38507326,0.09696028,0.025089617
33603,0.17489966,0.395065034,0.024434563,-0.537098388,0.028209677,0.288468955,0.199768608,0.372927111,0.083248507,0.02759598
33700,0.199774291,0.319962185,0.029902535,-0.281021188,0.015129206,0.309545318,0.196326408,0.401084011,0.071975249,0.023935523
33801,0.204866037,-0.044795812,-0.004877522,-0.238128623,0.023818389,0.327838828,0.08470696,0.38507326,0.096961621,0.028607849
33802,0.268019836,0.389491165,0.040943774,-0.267418556,0.028924909,0.288468955,0.199768608,0.372927111,0.08610772,0.038968039
33803,0.166337688,0.592403644,0.002855875,-0.201665259,0.015339408,0.423842714,0.147277812,0.418006691,0.12809901,0.094300889
33901,0.194997587,-0.001805053,0.017032528,-0.230052173,0.014075001,0.300201102,0.193182972,0.402138326,0.066586487,0.031852824
33902,0.207147514,0.495807217,0.016003034,-0.222887779,0.012208589,0.332314495,0.301819057,0.415423112,0.079776739,0.065709078
34001,0.174404028,0.298143318,0.004176609,-0.191650534,0.008127275,0.254245785,0.259616635,0.399745599,0.023970573,0.038185041
34002,0.188531906,-0.095196434,-0.004195963,-0.295890297,0.015735746,0.273598432,0.237387391,0.399752785,0.060821404,0.037311021
34101,-0.099262241,9.75E-04,0.094290375,-1.127462105,0.009339727,0.401840491,0.108238387,0.402716915,0.080704759,0.074075301
34102,-0.055960729,-0.187156535,0.023762337,-0.151185666,0.008527553,0.456911845,0.033836526,0.402710079,0.096234399,0.109558371
34103,-0.115959238,-0.390203037,0.080914563,-0.230833099,0.010593012,0.414387884,0.04880101,0.370214556,0.051553066,0.048631281
34104,-0.12771229,-0.024090798,0.054486004,-1.367735103,0.009339801,0.401840491,0.108238387,0.402716915,0.080705056,0.041712409
34105,-0.109052712,-0.007539008,0.080557902,-1.212109368,0.00933962,0.401840491,0.108238387,0.402716915,0.080704332,0.061411109
34106,-0.114610533,-0.012423966,0.072778635,-1.259174829,0.009339603,0.401840491,0.108238387,0.402716915,0.080704266,0.055000916
34107,-0.111199233,-0.009421178,0.077552032,-1.230365715,0.009339644,0.401840491,0.108238387,0.402716915,0.080704427,0.058874287
34108,-0.114823077,-0.01261153,0.07248137,-1.260961786,0.009339494,0.401840491,0.108238387,0.402716915,0.08070383,0.054765748
34109,-0.133123116,-0.091289089,0.073407225,-0.524708067,0.009339617,0.401840491,0.108238387,0.402716915,0.080704321,0.075627014
34110,-0.134169717,-0.058664239,0.073350949,-0.804391332,0.009339923,0.401840491,0.108238387,0.402716915,0.080705542,0.042298481
34111,-0.130530448,-0.069573254,0.076484704,-0.654013121,0.009339753,0.401840491,0.108238387,0.402716915,0.080704864,0.060604685
34112,-0.110614449,-0.008907855,0.078370758,-1.225402152,0.009339212,0.401840491,0.108238387,0.402716915,0.0807027,0.05955756
34113,-0.096788305,0.003108136,0.097766296,-1.105683945,0.009339559,0.401840491,0.108238387,0.402716915,0.080704088,0.077592278
34114,-0.153289016,-0.047497104,0.018955591,-1.572350695,0.009339881,0.401840491,0.108238387,0.402716915,0.080705376,0.021339143
34115,-0.149667889,-0.331983593,0.057514462,-0.308190813,0.010465593,0.413033351,0.055217475,0.373723295,0.05473158,0.064420738
34201,0.151617672,0.044160485,-0.027763573,-0.365335835,0.003996402,0.38210075,0.043944266,0.394962487,0.047049964,-0.011933433
34202,0.157515693,0.053759968,-0.020356913,-0.283752231,0.003996188,0.38210075,0.043944266,0.394962487,0.047049109,-0.009030634
34203,0.148923191,0.034715918,-0.031381535,-0.436869463,0.003995154,0.381238714,0.043790684,0.393900889,0.045492239,-0.010393505
34204,0.180925547,-0.169958839,-0.002292352,-0.162416142,0.003580592,0.350147121,0.038251366,0.355611602,-0.012168481,0.002029022
34301,0.258304127,-0.139273712,0.020272396,0.069746441,0.014212516,0.364006515,0.061889251,0.362785016,0.042072052,0.038181084
34302,0.232749145,-0.184096564,-0.004964504,-0.406466716,0.011283247,0.364006515,0.061889251,0.362785016,0.030361994,4.52E-04
34303,0.038343502,-0.046285033,-0.001745099,0.045597623,0.016391872,0.372807018,0.047149123,0.34247076,0.028700885,0.003720125
34304,0.238059493,-0.11396822,0.012953072,-0.254660654,0.009967158,0.360634381,0.056137909,0.36103965,0.022244739,0.003966999
34305,0.178471985,-0.176629385,-0.005669904,-0.197141085,0.00358062,0.350147121,0.038251366,0.355611602,-0.012168367,0.001452357
34306,0.171166637,-0.196337324,-0.01567442,-0.299521553,0.003580388,0.350147121,0.038251366,0.355611602,-0.012169295,-9.51E-05
34307,0.180517923,-0.171068872,-0.002854096,-0.168198952,0.003580587,0.350147121,0.038251366,0.355611602,-0.012168499,0.001931027
34308,0.162426497,-0.609946407,0.001388241,-0.089378013,0.009784764,0.411918316,0.079307808,0.411622747,0.097658768,0.006748505
34309,0.165762172,-0.370587255,-7.17E-04,-0.146216719,0.003463607,0.393959405,0.053259918,0.378819521,0.027797844,0.011399273
34401,0.119180308,-0.513010195,-0.010694612,-0.038964856,0.003395554,0.440500511,0.069203269,0.403472932,0.070478185,0.030019693
34402,0.141396369,-0.456671181,0.006380896,-0.009054046,0.003401077,0.436121733,0.067703253,0.401153438,0.066459128,0.042460801
34403,0.113338622,-0.38936369,-0.029681064,-0.280477954,0.003047986,0.440500511,0.069203269,0.403472932,0.069088747,0.006722418
34404,0.097887759,-0.435136725,-0.042574811,-0.45430158,0.003048434,0.440500511,0.069203269,0.403472932,0.069090537,-6.94E-04
34501,0.116931041,-0.688137145,0.029076764,-0.118615497,0.005469796,0.398177021,0.183497242,0.371551931,0.022164409,0.02132692
34502,0.036621763,-0.622393572,0.050966074,-0.374462341,0.002288673,0.421428571,0.159359606,0.392610837,0.043190437,-0.002812125
34503,0.045783669,-0.600342482,0.062783503,-0.292856125,0.002289679,0.421428571,0.159359606,0.392610837,0.043194456,0.002777527
34504,0.122733702,-0.84995088,0.031226674,-0.372608406,0.00501712,0.421428571,0.159359606,0.392610837,0.054097686,0.012919367
34601,0.20405605,-0.186934982,-0.006206683,-0.419323814,0.011712663,0.377858741,0.060981757,0.365147127,0.038939898,0.004858838
34602,0.061257238,0.113897614,-0.00425961,-0.306782506,0.012438709,0.433399245,0.05734316,0.374618012,0.069352609,-0.007389163
34603,0.090114953,0.148737656,0.018287905,-0.118735777,0.012799518,0.433399245,0.05734316,0.374618012,0.070794979,-0.003828741
34604,0.11853363,-0.236751892,-0.017329462,-0.541278933,0.012728928,0.433399245,0.05734316,0.374618012,0.070512788,-0.010584163
34701,0.186783476,0.172359856,-0.029565893,-0.345656378,0.012519917,0.464277483,0.067584697,0.427863563,0.143973379,0.114327516
34702,0.19711639,-0.167367925,-0.006155491,-0.56144867,0.015679184,0.408036739,0.087026406,0.423421355,0.13443134,0.241313843
34703,0.203351125,-0.160938922,0.003268862,-0.439988265,0.015656656,0.408036739,0.087026406,0.423421355,0.134341282,0.314158706
34801,0.321574043,0.315505524,0.031640657,-0.269677445,0.032035248,0.321257093,0.058926233,0.38280227,0.12629452,0.054965627
34802,0.284836764,0.075084654,0.022975013,-0.154445628,0.018946832,0.465565706,0.048137737,0.419536191,0.160560656,0.230323857
34803,0.174023691,-0.008045966,-0.021094465,-0.610387603,0.032018621,0.321257093,0.058926233,0.38280227,0.126228052,0.054214397
34804,0.16998072,-0.01532869,-0.024275415,-0.640896603,0.032018399,0.321257093,0.058926233,0.38280227,0.126227164,0.050425197
34805,0.240991768,0.01625003,0.045305531,-0.269924749,0.026059133,0.423173804,0.062468514,0.377329975,0.124067784,0.068522687
34901,0.232131201,-0.025722396,0.026724752,-0.115683644,0.023766481,0.437654557,0.094841507,0.404113845,0.150764299,0.149475381
34902,0.051612779,-0.22711941,-0.009494932,-0.469248631,0.043889434,0.376136447,0.075885019,0.384435732,0.190360216,0.0594726
35001,0.300016434,-0.023662764,0.025129112,-0.244506374,0.022720067,0.425980392,0.178575548,0.412399077,0.149846341,0.489738009
35002,0.148632388,0.065129348,-0.001892436,-0.676185669,0.045999148,0.363599014,0.105998357,0.374281019,0.181325699,0.110943549
35100,0.211934078,-0.009878394,0.021307123,-0.143554813,0.033666436,0.454325795,0.102675857,0.406499824,0.197632249,0.226414591
35201,0.240895478,-0.321699043,0.042921216,0.034482864,0.01635317,0.472023305,0.058363119,0.38200122,0.104962829,0.063151978
35202,0.363909771,-0.104897623,0.024456146,-0.234622508,0.009439782,0.539014374,0.046885695,0.379876797,0.0940098,0.173822091
35300,0.195352181,-0.336870081,0.041538482,-0.046775096,0.023993643,0.357297699,0.055591262,0.368648448,0.086848177,0.07141651
35401,0.320868615,-0.375636481,0.069219008,0.222781504,0.013065295,0.455026735,0.076180496,0.402224369,0.111350975,0.210262265
35402,0.290679915,-0.333970476,0.060746352,-0.015062207,0.020598534,0.402660985,0.062208538,0.359282331,0.074091647,0.062587777
35500,0.105332768,-0.167598162,0.049665207,0.029608638,0.014415624,0.332500538,0.062092744,0.373293366,0.047071693,0.037347494
35600,0.125517022,0.106120556,-3.20E-04,-0.43370831,0.015679345,0.408036739,0.087026406,0.423421355,0.134431981,0.168592634
35701,0.316504536,-0.431231305,0.010093554,-0.280820019,0.027712565,0.375140819,0.150206534,0.377393917,0.113352377,0.168313874
35702,0.313603011,-0.433904841,0.002555372,-0.339956014,0.027724676,0.375140819,0.150206534,0.377393917,0.113400793,0.134001778
35801,0.245919922,-0.135116122,0.026722417,-0.089619631,0.018505397,0.419049228,0.141150894,0.39650409,0.112995831,0.128561668
35802,0.159505424,-0.372443546,0.038728109,-0.337360084,0.026286268,0.326354172,0.19300652,0.369083957,0.081728089,0.06729982
35803,0.204612665,-0.59851495,0.007529852,-0.504780002,0.027633331,0.300942476,0.182320442,0.374065648,0.086638936,0.071366009
35901,0.27850107,-0.317578665,0.072274597,0.394608768,0.015818082,0.410735123,0.113768961,0.35705951,0.052186211,0.230983175
35902,0.25670939,-0.184661666,0.050864089,-0.010516096,0.012527482,0.38332672,0.076607685,0.33961739,0.011348764,0.064544691
35903,0.27938439,-0.126066437,0.06109881,-0.154813181,0.010547012,0.372423945,0.061825319,0.332679097,-0.007580347,0.047925141
35904,0.284996234,-0.376118573,0.055133269,0.17181921,0.015821588,0.410735123,0.113768961,0.35705951,0.052200226,0.095157515
35905,0.284761454,-0.374060634,0.055749663,0.179065282,0.015821479,0.410735123,0.113768961,0.35705951,0.052199791,0.097993972
36000,0.25459895,-0.430179657,0.064484409,-0.092967918,0.01280672,0.584671595,0.193821067,0.375226015,0.107952315,0.173355366
36100,0.212081703,-0.163962362,0.021339871,-0.106956614,0.010544106,0.45644055,0.157694663,0.393792682,0.087563297,0.182281366
36200,0.216811433,-0.219694381,0.038219298,-0.019393755,0.014798714,0.450568536,0.202049983,0.37012346,0.071565171,0.087910332
36301,0.233456517,0.14282495,0.004892132,-0.139951679,0.024565146,0.418369405,0.134249396,0.379001276,0.115614524,0.059619552
36302,0.26458303,0.113780574,-0.008672952,-0.123912276,0.021048748,0.439766082,0.09785575,0.378167641,0.108155544,0.051866138
36303,0.177203771,-0.203890736,4.29E-04,0.18421206,0.017776463,0.38698815,0.057888182,0.350030934,0.047120761,0.101118795
36401,0.289358729,-0.599896574,0.009315166,-0.505115826,0.015890404,0.474940441,0.057863333,0.381908712,0.10383938,0.158217026
36402,0.289677939,-0.107389863,0.069362168,-0.093502418,0.010547544,0.372423945,0.061825319,0.332679097,-0.007578219,0.058118374
36403,0.153684027,0.151965775,-0.018571646,-0.259003838,0.027654888,0.395916879,0.172438935,0.379876048,0.121042303,0.039669092
36404,0.160523701,-0.340507522,0.008985355,0.057082457,0.017724652,0.374790522,0.05096216,0.342997406,0.035068999,0.046396229
36501,0.161203958,-0.358352168,0.027898861,-0.312811387,0.021865636,0.377042642,0.174739079,0.363902067,0.072671698,0.054014543
36502,0.124698593,-0.367622326,0.030818769,-0.356398336,0.023085344,0.348989899,0.202525253,0.364646465,0.069354438,0.042586561
36503,0.127790265,-0.362983249,0.034818578,-0.339026151,0.023085268,0.348989899,0.202525253,0.364646465,0.069354134,0.047969652
36600,0.192667512,-0.579392443,0.05366046,-0.214565953,0.015396968,0.420466796,0.131235875,0.381517499,0.082810192,0.106784939
36700,0.016175661,-0.581351707,0.020280436,-0.410256785,0.013919349,0.486055665,0.184054987,0.390959695,0.104677146,0.052346503
36800,0.095510074,-0.533968493,0.024253641,-0.252770522,0.012478908,0.384662316,0.203817752,0.380978223,0.057181297,0.059174497
36901,0.127948997,-0.338129648,0.026364817,-0.351851854,0.021031129,0.354082115,0.215095648,0.377728144,0.078246671,0.041370228
36902,0.053314654,-0.33287156,0.019536578,-0.201606201,0.008957694,0.329592304,0.265689418,0.366926248,0.007439814,0.018101096
37000,0.284108044,-0.117484146,0.023076101,-0.362575892,0.031741671,0.351413599,0.189007824,0.398557361,0.147330966,0.355021478
37100,0.236040772,0.301412022,0.002549699,-0.264953473,0.03586719,0.370778084,0.079184388,0.386164623,0.158784483,0.432677651
37200,0.24846514,0.047413783,0.006930505,-0.330806833,0.03830516,0.391830987,0.129807656,0.4040809,0.194416289,0.396192364
37300,0.246567439,-0.232991908,0.044072926,-0.096740417,0.029273717,0.434691943,0.109194313,0.397345972,0.162907378,0.170818269
37400,0.282918946,-0.114818764,0.016258614,-0.21198342,0.02224593,0.478058778,0.10092295,0.421212926,0.176979817,0.337848352
37500,0.369850772,0.393859572,-0.004541513,-0.36437186,0.022887657,0.522621682,0.306337264,0.421254749,0.182932737,0.403864563
37601,0.292166585,0.017811272,0.014843213,-0.43103448,0.017762073,0.342393002,0.071227741,0.394564199,0.089218546,0.172749033
37602,0.287193783,0.001912729,0.009344486,-0.496678368,0.017764121,0.342393002,0.071227741,0.394564199,0.089226736,0.145935331
37603,0.276393082,-0.576748166,-0.00715074,-0.404710446,0.018414898,0.415709439,0.138474051,0.369093237,0.077795643,0.045567985
37604,0.244649031,0.052600616,0.013613807,-0.048920512,0.016441455,0.407597591,0.078326816,0.428345174,0.143854981,0.249951507
37700,0.313171428,-0.342080942,0.040303044,-0.311163867,0.02032036,0.453172681,0.148662617,0.415291849,0.152814044,0.230039277
37800,0.373013467,0.13192972,4.53E-04,-0.321302387,0.016692065,0.542277754,0.154646637,0.436684228,0.189609435,0.301493398
37901,0.260123731,0.008053098,0.024946732,-0.170488584,0.02134942,0.3401369,0.045983259,0.418994242,0.134374326,0.864755902
37902,0.254274367,-0.101101113,-0.026788175,-0.906296765,0.017765225,0.342393002,0.071227741,0.394564199,0.08923115,0.041353172
37903,0.33638394,-0.283831367,0.017641819,-0.361457064,0.015385062,0.41697417,0.100092251,0.376845018,0.07737403,0.036510948
38000,0.349613776,-0.11499999,0.009585987,-0.280449061,0.026383879,0.490651127,0.15936154,0.412085128,0.18311793,0.350282635
38100,0.171897897,0.019245992,-0.007547404,-0.927559228,0.039938373,0.356843961,0.123180059,0.388358719,0.171905341,0.618415167
38200,0.333049592,0.117375818,0.014933479,-0.265450395,0.026876022,0.533762386,0.143017673,0.416487895,0.20338339,0.226373281
38300,0.263730566,0.231095224,0.003271314,-0.457720084,0.028064257,0.460360879,0.246614374,0.419104703,0.186146064,0.420552166
38401,0.102915576,-0.264413863,0.005923736,-0.275124299,0.015833518,0.413946928,0.169495896,0.379311558,0.078278004,0.031075914
38402,0.123985428,-0.14469019,0.004447465,-0.249652514,0.023058126,0.437053933,0.148980292,0.390681424,0.128674327,0.042941009
38501,0.220539865,-0.092173058,0.047672286,-0.033579461,0.031533619,0.342910102,0.170528267,0.357738647,0.094276154,0.214461751
38502,0.257326665,-0.330245045,0.04014218,-0.210020729,0.022253009,0.378121284,0.121680539,0.395164487,0.115693744,0.18534591
38601,0.115358643,-0.19763372,0.020974912,-0.083530403,0.006914558,0.445237554,0.152806576,0.399938276,0.077754327,0.038636109
38602,0.238847811,-0.229783533,0.039298286,-0.185604407,0.026891379,0.360182689,0.146566372,0.376097618,0.104423788,0.17623504
38700,0.051833046,-0.259130245,0.003169876,-0.241633878,0.005970346,0.341042086,0.287618028,0.369330922,7.17E-04,0.047537727
38801,0.214790402,0.150251954,0.012664067,-0.153069597,0.008626316,0.464884541,0.215552893,0.419390416,0.111452989,0.18927781
38802,0.063962765,-0.392094523,0.024053353,-0.223541841,0.015626786,0.361115099,0.226153758,0.385078635,0.067245721,0.101138202
38901,0.161626747,-0.285618148,0.028198154,-0.143470882,0.011736591,0.451650038,0.2095165,0.408928115,0.107455609,0.113997332
38902,0.115652706,-0.621697014,0.006785485,-0.308296179,0.005650304,0.343811395,0.251473477,0.386247544,0.022825404,0.059646337
39000,0.187125164,-0.088593691,0.012942913,-0.308200143,0.038462849,0.311151424,0.138025974,0.408661086,0.177713112,0.290309561
39100,0.170832705,-0.04210765,0.019840147,-0.184997449,0.025147527,0.434175675,0.144769123,0.383540397,0.127544032,0.173222018
39201,0.126416299,-0.167639116,0.011681847,-0.192526093,0.028082127,0.348484848,0.181818182,0.382575758,0.112365268,0.050957938
39202,0.125364736,-0.170826007,0.010099013,-0.19887874,0.028081175,0.348484848,0.181818182,0.382575758,0.11236146,0.048407925
39203,0.189298115,-0.570932018,0.062219224,0.013968487,0.018240805,0.37262923,0.195611752,0.391223503,0.089918981,0.136106875
39204,0.155580553,-0.299216763,0.013414874,-0.132384837,0.027820862,0.348484848,0.181818182,0.382575758,0.111320832,0.092692892
39205,0.155755439,-0.298866888,0.013687686,-0.131100359,0.027820507,0.348484848,0.181818182,0.382575758,0.111319414,0.09336978
39301,0.260091898,-0.840664209,0.074776398,0.107975998,0.00928114,0.410154525,0.155408389,0.383222958,0.056503276,0.141661129
39302,0.198269455,-0.698568893,0.057665881,-0.076667335,0.005237475,0.428633594,0.19408181,0.411662315,0.079095712,0.170958084
39303,0.022698626,-0.366175186,0.005762513,-0.384804328,0.00232818,0.351312374,0.280934526,0.36313816,-0.018346846,0.05206383
39400,0.239015588,-0.034766315,0.013224443,-0.10445922,0.007810352,0.470906097,0.212289163,0.408724625,0.096789854,0.205001775
